-- MySQL dump 10.13  Distrib 8.0.42, for Linux (x86_64)
--
-- Host: localhost    Database: library_db
-- ------------------------------------------------------
-- Server version	8.0.42-0ubuntu0.20.04.1

/*!40101 SET @OLD_CHARACTER_SET_CLIENT=@@CHARACTER_SET_CLIENT */;
/*!40101 SET @OLD_CHARACTER_SET_RESULTS=@@CHARACTER_SET_RESULTS */;
/*!40101 SET @OLD_COLLATION_CONNECTION=@@COLLATION_CONNECTION */;
/*!50503 SET NAMES utf8mb4 */;
/*!40103 SET @OLD_TIME_ZONE=@@TIME_ZONE */;
/*!40103 SET TIME_ZONE='+00:00' */;
/*!40014 SET @OLD_UNIQUE_CHECKS=@@UNIQUE_CHECKS, UNIQUE_CHECKS=0 */;
/*!40014 SET @OLD_FOREIGN_KEY_CHECKS=@@FOREIGN_KEY_CHECKS, FOREIGN_KEY_CHECKS=0 */;
/*!40101 SET @OLD_SQL_MODE=@@SQL_MODE, SQL_MODE='NO_AUTO_VALUE_ON_ZERO' */;
/*!40111 SET @OLD_SQL_NOTES=@@SQL_NOTES, SQL_NOTES=0 */;

--
-- Table structure for table `activity_logs`
--

DROP TABLE IF EXISTS `activity_logs`;
/*!40101 SET @saved_cs_client     = @@character_set_client */;
/*!50503 SET character_set_client = utf8mb4 */;
CREATE TABLE `activity_logs` (
  `id` int NOT NULL AUTO_INCREMENT,
  `event_type` varchar(50) NOT NULL,
  `user` varchar(100) NOT NULL,
  `details` text NOT NULL,
  `ip_address` varchar(45) DEFAULT NULL,
  `created_at` datetime NOT NULL,
  PRIMARY KEY (`id`)
) ENGINE=InnoDB AUTO_INCREMENT=809 DEFAULT CHARSET=utf8mb4 COLLATE=utf8mb4_0900_ai_ci;
/*!40101 SET character_set_client = @saved_cs_client */;

--
-- Dumping data for table `activity_logs`
--

LOCK TABLES `activity_logs` WRITE;
/*!40000 ALTER TABLE `activity_logs` DISABLE KEYS */;
INSERT INTO `activity_logs` VALUES (1,'USER_LOGIN_SUCCESS','admin','تسجيل دخول ناجح','::1','2025-04-11 07:31:18'),(2,'login_success','admin','تم تسجيل الدخول بنجاح','::1','2025-04-11 08:38:40'),(3,'login_success','admin','تم تسجيل الدخول بنجاح','::1','2025-04-11 10:20:32'),(4,'login_success','admin','تم تسجيل الدخول بنجاح','::1','2025-04-11 10:24:32'),(5,'login_success','admin','تم تسجيل الدخول بنجاح','::1','2025-04-11 10:25:02'),(6,'login_success','admin','تم تسجيل الدخول بنجاح','::1','2025-04-11 10:25:48'),(7,'login_success','admin','تم تسجيل الدخول بنجاح','::1','2025-04-11 10:30:08'),(8,'login_success','admin','تم تسجيلؤ الدخول بنجاح','::1','2025-04-11 10:51:54'),(9,'login_success','admin','تم تسجيلؤ الدخول بنجاح','::1','2025-04-11 10:53:16'),(10,'login_success','admin','تم تسجيلؤ الدخول بنجاح','::1','2025-04-11 10:54:08'),(11,'login_success','admin','تم تسجيلؤ الدخول بنجاح','::1','2025-04-11 10:59:21'),(12,'login_success','admin','تم تسجيلؤ الدخول بنجاح','::1','2025-04-11 11:00:14'),(13,'login_failed','admin','كلمة المرور خاطئة','::1','2025-04-11 11:05:26'),(14,'login_success','admin','تم تسجيل الدخول بنجاح','::1','2025-04-11 11:05:30'),(15,'login_failed','adminا','المستخدم غير موجود','::1','2025-04-11 11:06:13'),(16,'login_failed','adminغ','المستخدم غير موجود','::1','2025-04-11 11:06:16'),(17,'login_success','admin','تم تسجيل الدخول بنجاح','::1','2025-04-11 11:06:18'),(18,'login_failed','adminش','المستخدم غير موجود','::1','2025-04-11 11:08:34'),(19,'login_failed','admin','كلمة المرور خاطئة','::1','2025-04-11 11:08:37'),(20,'login_success','admin','تم تسجيل الدخول بنجاح','::1','2025-04-11 11:08:50'),(21,'login_success','roaa','تم تسجيل الدخول بنجاح','::1','2025-04-11 11:12:47'),(22,'login_success','admin','تم تسجيل الدخول بنجاح','127.0.0.1','2025-04-11 11:13:34'),(23,'login_success','roaa','تم تسجيل الدخول بنجاح','::1','2025-04-11 11:14:15'),(24,'login_success','roaa','تم تسجيل الدخول بنجاح','::1','2025-04-11 11:15:07'),(25,'login_success','admin','تم تسجيل الدخول بنجاح','127.0.0.1','2025-04-11 11:31:43'),(26,'login_success','admin','تم تسجيل الدخول بنجاح','::1','2025-04-11 11:36:56'),(27,'login_success','admin','تم تسجيل الدخول بنجاح','::1','2025-04-11 14:41:16'),(28,'login_success','admin','تم تسجيل الدخول بنجاح','::1','2025-04-11 14:43:23'),(29,'login_success','admin','تم تسجيل الدخول بنجاح','::1','2025-04-11 15:15:01'),(30,'login_success','roaa','تم تسجيل الدخول بنجاح','127.0.0.1','2025-04-11 15:15:50'),(31,'login_success','roaa','تم تسجيل الدخول بنجاح','127.0.0.1','2025-04-11 15:38:53'),(32,'login_success','roaa','تم تسجيل الدخول بنجاح','127.0.0.1','2025-04-11 15:43:10'),(33,'login_success','roaa','تم تسجيل الدخول بنجاح','127.0.0.1','2025-04-11 15:45:45'),(34,'login_success','roaa','تم تسجيل الدخول بنجاح','127.0.0.1','2025-04-11 15:51:35'),(35,'login_success','roaa','تم تسجيل الدخول بنجاح','127.0.0.1','2025-04-11 15:56:03'),(36,'login_success','roaa','تم تسجيل الدخول بنجاح','127.0.0.1','2025-04-11 15:58:17'),(37,'login_success','roaa','تم تسجيل الدخول بنجاح','127.0.0.1','2025-04-11 16:09:26'),(38,'login_success','roaa','تم تسجيل الدخول بنجاح','127.0.0.1','2025-04-11 16:27:25'),(39,'login_success','roaa','تم تسجيل الدخول بنجاح','127.0.0.1','2025-04-11 16:28:29'),(40,'login_success','roaa','تم تسجيل الدخول بنجاح','127.0.0.1','2025-04-11 16:29:07'),(41,'login_success','roaa','تم تسجيل الدخول بنجاح','127.0.0.1','2025-04-11 16:30:35'),(42,'login_success','roaa','تم تسجيل الدخول بنجاح','127.0.0.1','2025-04-11 16:33:13'),(43,'login_success','roaa','تم تسجيل الدخول بنجاح','127.0.0.1','2025-04-11 16:34:46'),(44,'login_success','roaa','تم تسجيل الدخول بنجاح','127.0.0.1','2025-04-11 16:37:43'),(45,'login_success','roaa','تم تسجيل الدخول بنجاح','127.0.0.1','2025-04-11 16:59:56'),(46,'login_success','roaa','تم تسجيل الدخول بنجاح','127.0.0.1','2025-04-11 17:00:37'),(47,'login_success','roaa','تم تسجيل الدخول بنجاح','127.0.0.1','2025-04-11 17:09:22'),(48,'login_success','roaa','تم تسجيل الدخول بنجاح','127.0.0.1','2025-04-11 17:13:19'),(49,'login_success','roaa','تم تسجيل الدخول بنجاح','127.0.0.1','2025-04-11 17:34:29'),(50,'login_success','roaa','تم تسجيل الدخول بنجاح','::1','2025-04-11 21:18:28'),(51,'login_failed','rabi','المستخدم غير موجود','::1','2025-04-11 21:52:36'),(52,'login_success','roaa','تم تسجيل الدخول بنجاح','::1','2025-04-11 21:52:44'),(53,'login_success','roaa','تم تسجيل الدخول بنجاح','::1','2025-04-11 21:55:11'),(54,'login_success','roaa','تم تسجيل الدخول بنجاح','::1','2025-04-11 21:55:54'),(55,'login_success','roaa','تم تسجيل الدخول بنجاح','::1','2025-04-11 22:05:18'),(56,'login_success','admin','تم تسجيل الدخول بنجاح','::1','2025-04-11 22:05:48'),(57,'login_success','admin','تم تسجيل الدخول بنجاح','::1','2025-04-11 22:07:44'),(58,'login_success','roaa','تم تسجيل الدخول بنجاح','::1','2025-04-11 22:09:36'),(59,'login_success','admin','تم تسجيل الدخول بنجاح','::1','2025-04-11 22:36:59'),(60,'login_success','roaa','تم تسجيل الدخول بنجاح','::1','2025-04-11 22:48:23'),(61,'login_success','admin','تم تسجيل الدخول بنجاح','::1','2025-04-11 22:48:46'),(62,'login_success','admin','تم تسجيل الدخول بنجاح','::1','2025-04-11 23:23:26'),(63,'login_success','admin','تم تسجيل الدخول بنجاح','::1','2025-04-11 23:56:28'),(64,'login_success','admin','تم تسجيل الدخول بنجاح','::1','2025-04-12 00:08:12'),(65,'login_success','admin','تم تسجيل الدخول بنجاح','::1','2025-04-12 00:14:05'),(66,'login_success','admin','تم تسجيل الدخول بنجاح','::1','2025-04-12 00:22:40'),(67,'login_success','admin','تم تسجيل الدخول بنجاح','::1','2025-04-12 00:24:37'),(68,'login_success','admin','تم تسجيل الدخول بنجاح','::1','2025-04-12 00:25:44'),(69,'login_success','admin','تم تسجيل الدخول بنجاح','::1','2025-04-12 06:50:07'),(70,'login_success','roaa','تم تسجيل الدخول بنجاح','::1','2025-04-12 22:11:59'),(71,'login_success','roaa','تم تسجيل الدخول بنجاح','::1','2025-04-12 22:56:26'),(72,'login_success','roaa','تم تسجيل الدخول بنجاح','::1','2025-04-12 23:39:31'),(73,'login_success','roaa','تم تسجيل الدخول بنجاح','::1','2025-04-13 01:09:15'),(74,'login_success','roaa','تم تسجيل الدخول بنجاح','::1','2025-04-13 01:46:56'),(75,'login_success','admin','تم تسجيل الدخول بنجاح','::1','2025-04-13 01:51:11'),(76,'login_success','admin','تم تسجيل الدخول بنجاح','::1','2025-04-13 01:53:57'),(77,'login_success','roaa','تم تسجيل الدخول بنجاح','::1','2025-04-13 02:04:52'),(78,'login_success','roaa','تم تسجيل الدخول بنجاح','::1','2025-04-13 08:08:17'),(79,'login_failed','rabi','المستخدم غير موجود','::1','2025-04-13 13:52:20'),(80,'login_failed','rabi','المستخدم غير موجود','::1','2025-04-13 13:53:00'),(81,'login_success','admin','تم تسجيل الدخول بنجاح','::1','2025-04-13 13:53:07'),(82,'login_success','roaa','تم تسجيل الدخول بنجاح','::1','2025-04-13 13:53:18'),(83,'login_success','roaa','تم تسجيل الدخول بنجاح','::1','2025-04-13 13:55:22'),(84,'login_success','admin','تم تسجيل الدخول بنجاح','::1','2025-04-13 14:22:16'),(85,'login_success','roaa','تم تسجيل الدخول بنجاح','::1','2025-04-14 14:34:19'),(86,'login_success','admin','تم تسجيل الدخول بنجاح','127.0.0.1','2025-04-14 14:52:55'),(87,'login_success','roaa','تم تسجيل الدخول بنجاح','::1','2025-04-14 15:44:21'),(88,'login_success','admin','تم تسجيل الدخول بنجاح','127.0.0.1','2025-04-14 15:47:50'),(89,'login_success','admin','تم تسجيل الدخول بنجاح','127.0.0.1','2025-04-14 15:52:19'),(90,'login_success','roaa','تم تسجيل الدخول بنجاح','::1','2025-04-14 16:31:28'),(91,'login_success','admin','تم تسجيل الدخول بنجاح','127.0.0.1','2025-04-14 16:48:10'),(92,'login_success','roaa','تم تسجيل الدخول بنجاح','::1','2025-04-14 17:30:25'),(93,'login_success','admin','تم تسجيل الدخول بنجاح','::1','2025-04-14 18:06:02'),(94,'login_success','roaa','تم تسجيل الدخول بنجاح','::1','2025-04-14 18:17:07'),(95,'login_success','roaa','تم تسجيل الدخول بنجاح','127.0.0.1','2025-04-14 22:09:52'),(96,'login_success','admin','تم تسجيل الدخول بنجاح','::1','2025-04-14 22:10:00'),(97,'login_success','roaa','تم تسجيل الدخول بنجاح','127.0.0.1','2025-04-15 00:21:29'),(98,'login_failed','rabi','المستخدم غير موجود','::1','2025-04-15 14:16:49'),(99,'login_success','admin','تم تسجيل الدخول بنجاح','::1','2025-04-15 14:16:56'),(100,'login_success','roaa','تم تسجيل الدخول بنجاح','::1','2025-04-15 14:17:45'),(101,'login_success','admin','تم تسجيل الدخول بنجاح','127.0.0.1','2025-04-15 14:37:55'),(102,'login_success','roaa','تم تسجيل الدخول بنجاح','::1','2025-04-15 16:25:45'),(103,'login_success','admin','تم تسجيل الدخول بنجاح','127.0.0.1','2025-04-15 16:41:21'),(104,'login_success','roaa','تم تسجيل الدخول بنجاح','::1','2025-04-15 19:36:23'),(105,'login_success','admin','تم تسجيل الدخول بنجاح','127.0.0.1','2025-04-15 19:56:00'),(106,'login_success','roaa','تم تسجيل الدخول بنجاح','127.0.0.1','2025-04-15 22:18:45'),(107,'login_success','admin','تم تسجيل الدخول بنجاح','::1','2025-04-15 22:24:14'),(108,'login_success','admin','تم تسجيل الدخول بنجاح','::1','2025-04-15 23:12:30'),(109,'login_success','roaa','تم تسجيل الدخول بنجاح','127.0.0.1','2025-04-15 23:44:12'),(110,'login_success','admin','تم تسجيل الدخول بنجاح','::1','2025-04-16 08:38:32'),(111,'login_success','admin','تم تسجيل الدخول بنجاح','::1','2025-04-16 09:19:12'),(112,'login_success','admin','تم تسجيل الدخول بنجاح','::1','2025-04-16 09:20:20'),(113,'login_success','admin','تم تسجيل الدخول بنجاح','127.0.0.1','2025-04-16 11:48:36'),(114,'login_success','roaa','تم تسجيل الدخول بنجاح','::1','2025-04-16 11:48:48'),(115,'login_success','roaa','تم تسجيل الدخول بنجاح','::1','2025-04-16 21:41:51'),(116,'login_success','roaa','تم تسجيل الدخول بنجاح','::1','2025-04-16 23:17:41'),(117,'login_success','rabi','تم تسجيل الدخول بنجاح','::1','2025-04-17 00:55:40'),(118,'login_success','admin','تم تسجيل الدخول بنجاح','127.0.0.1','2025-04-17 00:57:16'),(119,'login_success','rabi','تم تسجيل الدخول بنجاح','::1','2025-04-17 04:31:16'),(120,'login_success','admin','تم تسجيل الدخول بنجاح','::1','2025-04-17 04:31:44'),(121,'login_success','roaa','تم تسجيل الدخول بنجاح','127.0.0.1','2025-04-17 04:40:55'),(122,'login_success','rabi','تم تسجيل الدخول بنجاح','127.0.0.1','2025-04-17 04:41:31'),(123,'login_success','roaa','تم تسجيل الدخول بنجاح','::1','2025-04-17 15:16:42'),(124,'login_success','roaa','تم تسجيل الدخول بنجاح','::1','2025-04-17 15:21:36'),(125,'login_success','roaa','تم تسجيل الدخول بنجاح','::1','2025-04-17 19:43:19'),(126,'login_success','roaa','تم تسجيل الدخول بنجاح','::1','2025-04-17 20:49:49'),(127,'login_success','roaa','تم تسجيل الدخول بنجاح','::1','2025-04-17 21:39:03'),(128,'login_success','roaa','تم تسجيل الدخول بنجاح','::1','2025-04-17 22:08:19'),(129,'login_failed','ربيع','المستخدم غير موجود','::1','2025-04-17 23:14:12'),(130,'login_success','rabi','تم تسجيل الدخول بنجاح','::1','2025-04-17 23:14:34'),(131,'login_success','admin','تم تسجيل الدخول بنجاح','127.0.0.1','2025-04-17 23:20:37'),(132,'login_failed','raed','كلمة المرور خاطئة','::1','2025-04-18 01:15:36'),(133,'login_failed','raed','كلمة المرور خاطئة','::1','2025-04-18 01:15:50'),(134,'login_failed','majed','كلمة المرور خاطئة','::1','2025-04-18 01:16:19'),(135,'login_success','majed','تم تسجيل الدخول بنجاح','::1','2025-04-18 01:17:07'),(136,'login_success','roaa','تم تسجيل الدخول بنجاح','::1','2025-04-18 01:34:17'),(137,'login_success','majed','تم تسجيل الدخول بنجاح','::1','2025-04-18 02:17:37'),(138,'login_success','admin','تم تسجيل الدخول بنجاح','127.0.0.1','2025-04-18 02:19:34'),(139,'login_failed','rabi','كلمة المرور خاطئة','::1','2025-04-18 05:49:53'),(140,'login_success','admin','تم تسجيل الدخول بنجاح','::1','2025-04-18 05:50:03'),(141,'login_success','roaa','تم تسجيل الدخول بنجاح','127.0.0.1','2025-04-18 05:51:33'),(142,'login_success','admin','تم تسجيل الدخول بنجاح','::1','2025-04-18 11:28:15'),(143,'login_success','admin','تم تسجيل الدخول بنجاح','::1','2025-04-18 11:31:13'),(144,'login_success','admin','تم تسجيل الدخول بنجاح','::1','2025-04-18 17:54:42'),(145,'login_success','admin','تم تسجيل الدخول بنجاح','::1','2025-04-18 18:45:47'),(146,'login_success','roaa','تم تسجيل الدخول بنجاح','::1','2025-04-18 18:46:42'),(147,'login_success','admin','تم تسجيل الدخول بنجاح','::1','2025-04-18 22:28:28'),(148,'login_success','roaa','تم تسجيل الدخول بنجاح','127.0.0.1','2025-04-18 23:41:44'),(149,'login_success','roaa','تم تسجيل الدخول بنجاح','127.0.0.1','2025-04-18 23:42:20'),(150,'login_success','roaa','تم تسجيل الدخول بنجاح','127.0.0.1','2025-04-19 00:47:32'),(151,'login_success','roaa','تم تسجيل الدخول بنجاح','127.0.0.1','2025-04-19 02:28:19'),(152,'login_success','admin','تم تسجيل الدخول بنجاح','::1','2025-04-19 04:28:16'),(153,'login_success','admin','تم تسجيل الدخول بنجاح','::1','2025-04-19 05:50:17'),(154,'login_success','admin','تم تسجيل الدخول بنجاح','::1','2025-04-19 07:27:38'),(155,'login_success','roaa','تم تسجيل الدخول بنجاح','127.0.0.1','2025-04-19 07:36:43'),(156,'login_success','roaa','تم تسجيل الدخول بنجاح','127.0.0.1','2025-04-19 09:01:47'),(157,'login_success','tala','تم تسجيل الدخول بنجاح','127.0.0.1','2025-04-19 10:05:10'),(158,'login_failed','sami','كلمة المرور خاطئة','::1','2025-04-19 10:14:45'),(159,'login_success','admin','تم تسجيل الدخول بنجاح','127.0.0.1','2025-04-19 10:14:55'),(160,'login_success','sami','تم تسجيل الدخول بنجاح','::1','2025-04-19 10:15:26'),(161,'login_success','roaa','تم تسجيل الدخول بنجاح','::1','2025-04-19 10:24:53'),(162,'login_success','majed','تم تسجيل الدخول بنجاح','::1','2025-04-19 10:25:08'),(163,'login_success','admin','تم تسجيل الدخول بنجاح','::1','2025-04-19 11:42:46'),(164,'login_success','roaa','تم تسجيل الدخول بنجاح','::1','2025-04-19 11:48:00'),(165,'login_success','admin','تم تسجيل الدخول بنجاح','127.0.0.1','2025-04-19 13:43:55'),(166,'login_success','roaa','تم تسجيل الدخول بنجاح','127.0.0.1','2025-04-19 14:16:38'),(167,'login_success','admin','تم تسجيل الدخول بنجاح','::1','2025-04-19 14:34:39'),(168,'login_success','roaa','تم تسجيل الدخول بنجاح','::1','2025-04-19 15:09:59'),(169,'login_success','tala','تم تسجيل الدخول بنجاح','127.0.0.1','2025-04-19 16:41:33'),(170,'login_success','admin','تم تسجيل الدخول بنجاح','::1','2025-04-19 16:42:12'),(171,'login_success','sami','تم تسجيل الدخول بنجاح','127.0.0.1','2025-04-19 16:46:52'),(172,'login_failed','SAMI','كلمة المرور خاطئة','127.0.0.1','2025-04-19 16:52:11'),(173,'login_failed','samii','المستخدم غير موجود','127.0.0.1','2025-04-19 16:52:29'),(174,'login_success','sami','تم تسجيل الدخول بنجاح','127.0.0.1','2025-04-19 16:52:45'),(175,'login_failed','raed','كلمة المرور خاطئة','127.0.0.1','2025-04-19 16:53:56'),(176,'login_success','raed','تم تسجيل الدخول بنجاح','127.0.0.1','2025-04-19 16:54:25'),(177,'login_success','majed','تم تسجيل الدخول بنجاح','::1','2025-04-19 20:27:41'),(178,'login_success','roaa','تم تسجيل الدخول بنجاح','::1','2025-04-19 21:56:18'),(179,'login_success','roaa','تم تسجيل الدخول بنجاح','::1','2025-04-19 23:11:31'),(180,'login_success','admin','تم تسجيل الدخول بنجاح','127.0.0.1','2025-04-19 23:27:30'),(181,'login_success','roaa','تم تسجيل الدخول بنجاح','::1','2025-04-20 06:13:27'),(182,'login_success','roaa','تم تسجيل الدخول بنجاح','::1','2025-04-20 06:47:59'),(183,'login_failed','roaa','كلمة المرور خاطئة','::1','2025-04-20 06:48:14'),(184,'login_failed','roaa','كلمة المرور خاطئة','::1','2025-04-20 06:58:42'),(185,'login_success','roaa','تم تسجيل الدخول بنجاح','::1','2025-04-20 07:01:00'),(186,'login_failed','amjad','المستخدم غير موجود','::1','2025-04-20 07:05:40'),(187,'login_failed','amjad','المستخدم غير موجود','::1','2025-04-20 07:05:56'),(188,'login_failed','amjad','المستخدم غير موجود','::1','2025-04-20 07:06:11'),(189,'login_failed','majed','كلمة المرور خاطئة','::1','2025-04-20 07:07:22'),(190,'login_success','majed','تم تسجيل الدخول بنجاح','::1','2025-04-20 07:08:01'),(191,'login_success','admin','تم تسجيل الدخول بنجاح','::1','2025-04-20 07:09:12'),(192,'login_failed','roaa','كلمة المرور خاطئة','127.0.0.1','2025-04-20 07:16:13'),(193,'login_failed','roaa','كلمة المرور خاطئة','127.0.0.1','2025-04-20 07:16:25'),(194,'login_success','roaa','تم تسجيل الدخول بنجاح','127.0.0.1','2025-04-20 07:17:04'),(195,'login_success','admin','تم تسجيل الدخول بنجاح','::1','2025-04-20 08:52:14'),(196,'login_success','roaa','تم تسجيل الدخول بنجاح','127.0.0.1','2025-04-20 10:46:14'),(197,'login_success','admin','تم تسجيل الدخول بنجاح','::1','2025-04-20 13:14:40'),(198,'login_success','roaa','تم تسجيل الدخول بنجاح','127.0.0.1','2025-04-20 13:15:29'),(199,'login_success','battoul','تم تسجيل الدخول بنجاح','127.0.0.1','2025-04-20 13:28:50'),(200,'login_failed','adminfsdfsdf','المستخدم غير موجود','::1','2025-04-20 14:09:42'),(201,'login_failed','adminff','المستخدم غير موجود','::1','2025-04-20 14:53:24'),(202,'login_success','admin','تم تسجيل الدخول بنجاح','::1','2025-04-20 15:34:05'),(203,'login_success','battoul','تم تسجيل الدخول بنجاح','127.0.0.1','2025-04-20 15:34:28'),(204,'login_success','roaa','تم تسجيل الدخول بنجاح','::1','2025-04-21 00:46:47'),(205,'login_success','roaa','تم تسجيل الدخول بنجاح','::1','2025-04-21 00:55:45'),(206,'login_failed','roaa','كلمة المرور خاطئة','::1','2025-04-21 00:55:54'),(207,'login_success','sami','تم تسجيل الدخول بنجاح','::1','2025-04-21 08:35:41'),(208,'login_success','sami','تم تسجيل الدخول بنجاح','::1','2025-04-21 08:59:15'),(209,'login_failed','sami','كلمة المرور خاطئة','::1','2025-04-21 11:55:19'),(210,'login_success','sami','تم تسجيل الدخول بنجاح','::1','2025-04-21 11:55:35'),(211,'login_success','soze','تم تسجيل الدخول بنجاح','::1','2025-04-21 16:55:48'),(212,'login_success','roaa','تم تسجيل الدخول بنجاح','::1','2025-04-21 17:18:15'),(213,'login_success','admin','تم تسجيل الدخول بنجاح','::1','2025-04-21 17:18:49'),(214,'login_success','admin','تم تسجيل الدخول بنجاح','::1','2025-04-21 17:19:17'),(215,'login_failed','rabi','كلمة المرور خاطئة','::1','2025-04-21 17:25:44'),(216,'login_failed','majed','كلمة المرور خاطئة','::1','2025-04-21 17:25:49'),(217,'login_success','majed','تم تسجيل الدخول بنجاح','::1','2025-04-21 17:26:47'),(218,'login_success','admin','تم تسجيل الدخول بنجاح','::1','2025-04-21 17:31:29'),(219,'login_success','momo','تم تسجيل الدخول بنجاح','::1','2025-04-21 17:32:00'),(220,'login_success','admin','تم تسجيل الدخول بنجاح','::1','2025-04-21 17:46:07'),(221,'login_success','admin','تم تسجيل الدخول بنجاح','::1','2025-04-21 17:50:33'),(222,'login_success','roaa','تم تسجيل الدخول بنجاح','::1','2025-04-21 17:50:43'),(223,'login_success','roaa','تم تسجيل الدخول بنجاح','::1','2025-04-21 17:55:17'),(224,'login_failed','majed','كلمة المرور خاطئة','::1','2025-04-21 17:57:13'),(225,'login_success','majed','تم تسجيل الدخول بنجاح','::1','2025-04-21 17:57:26'),(226,'login_success','admin','تم تسجيل الدخول بنجاح','::1','2025-04-21 17:58:34'),(227,'login_success','momo','تم تسجيل الدخول بنجاح','::1','2025-04-21 18:00:49'),(228,'login_success','admin','تم تسجيل الدخول بنجاح','::1','2025-04-21 18:03:38'),(229,'login_success','momo','تم تسجيل الدخول بنجاح','::1','2025-04-21 18:05:39'),(230,'login_success','admin','تم تسجيل الدخول بنجاح','::1','2025-04-21 18:06:22'),(231,'login_success','momo','تم تسجيل الدخول بنجاح','::1','2025-04-21 18:07:06'),(232,'login_success','admin','تم تسجيل الدخول بنجاح','::1','2025-04-21 18:08:17'),(233,'login_success','admin','تم تسجيل الدخول بنجاح','::1','2025-04-21 19:58:52'),(234,'login_success','admin','تم تسجيل الدخول بنجاح','::1','2025-04-22 07:08:40'),(235,'login_success','admin','تم تسجيل الدخول بنجاح','::1','2025-04-22 07:23:31'),(236,'login_success','roaa','تم تسجيل الدخول بنجاح','::1','2025-04-22 07:31:47'),(237,'login_success','roaa','تم تسجيل الدخول بنجاح','127.0.0.1','2025-04-22 07:36:09'),(238,'login_success','momo','تم تسجيل الدخول بنجاح','::1','2025-04-22 07:53:22'),(239,'login_success','momo','تم تسجيل الدخول بنجاح','::1','2025-04-22 08:05:15'),(240,'login_success','admin','تم تسجيل الدخول بنجاح','::1','2025-04-22 08:23:07'),(241,'login_success','momo','تم تسجيل الدخول بنجاح','::1','2025-04-22 08:23:40'),(242,'login_success','momo','تم تسجيل الدخول بنجاح','::1','2025-04-22 08:38:06'),(243,'login_success','momo','تم تسجيل الدخول بنجاح','::1','2025-04-22 08:44:41'),(244,'login_success','momo','تم تسجيل الدخول بنجاح','::1','2025-04-22 08:46:43'),(245,'login_success','admin','تم تسجيل الدخول بنجاح','::1','2025-04-22 08:52:42'),(246,'login_success','admin','تم تسجيل الدخول بنجاح','127.0.0.1','2025-04-22 08:52:51'),(247,'login_success','jamal','تم تسجيل الدخول بنجاح','127.0.0.1','2025-04-22 08:56:09'),(248,'loan_success','r','تم طلب الاستعارة بنجاح','127.0.0.1','2025-04-22 09:02:03'),(249,'loan_success','24','تم طلب الاستعارة بنجاح','127.0.0.1','2025-04-22 09:06:42'),(250,'login_success','jamal','تم تسجيل الدخول بنجاح','127.0.0.1','2025-04-22 09:12:02'),(251,'login_success','admin','تم تسجيل الدخول بنجاح','::1','2025-04-22 10:11:13'),(252,'login_success','jamal','تم تسجيل الدخول بنجاح','127.0.0.1','2025-04-22 10:16:26'),(253,'loan_success','24','تم طلب الاستعارة بنجاح','127.0.0.1','2025-04-22 10:16:34'),(254,'loan_success','24','تم طلب الاستعارة بنجاح','127.0.0.1','2025-04-22 10:22:21'),(255,'loan_success','24','تم طلب الاستعارة بنجاح','127.0.0.1','2025-04-22 10:26:09'),(256,'login_success','admin','تم تسجيل الدخول بنجاح','127.0.0.1','2025-04-22 13:18:59'),(257,'login_success','admin','تم تسجيل الدخول بنجاح','::1','2025-04-22 15:13:24'),(258,'login_success','roaa','تم تسجيل الدخول بنجاح','::1','2025-04-22 15:19:35'),(259,'login_success','admin','تم تسجيل الدخول بنجاح','127.0.0.1','2025-04-22 15:58:10'),(260,'login_success','roaa','تم تسجيل الدخول بنجاح','127.0.0.1','2025-04-22 16:22:26'),(261,'login_success','admin','تم تسجيل الدخول بنجاح','::1','2025-04-22 16:23:28'),(262,'login_success','admin','تم تسجيل الدخول بنجاح','127.0.0.1','2025-04-22 16:26:45'),(263,'login_success','admin','تم تسجيل الدخول بنجاح','::1','2025-04-22 16:28:11'),(264,'login_success','jamal','تم تسجيل الدخول بنجاح','127.0.0.1','2025-04-22 16:52:02'),(265,'login_success','roaa','تم تسجيل الدخول بنجاح','::1','2025-04-22 16:53:16'),(266,'login_success','roaa','تم تسجيل الدخول بنجاح','::1','2025-04-22 17:30:30'),(267,'login_success','admin','تم تسجيل الدخول بنجاح','127.0.0.1','2025-04-22 17:31:01'),(268,'loan_success','5','تم طلب الاستعارة بنجاح','127.0.0.1','2025-04-22 17:32:52'),(269,'login_success','roaa','تم تسجيل الدخول بنجاح','::1','2025-04-22 22:07:11'),(270,'login_success','admin','تم تسجيل الدخول بنجاح','127.0.0.1','2025-04-22 22:10:10'),(271,'loan_success','7','تم طلب الاستعارة بنجاح','::1','2025-04-22 23:49:58'),(272,'loan_success','7','تم طلب الاستعارة بنجاح','::1','2025-04-23 00:32:48'),(273,'login_success','admin','تم تسجيل الدخول بنجاح','127.0.0.1','2025-04-23 00:43:27'),(274,'login_failed','admin','كلمة المرور خاطئة','127.0.0.1','2025-04-23 00:54:42'),(275,'login_success','admin','تم تسجيل الدخول بنجاح','127.0.0.1','2025-04-23 00:54:50'),(276,'login_failed','admin','كلمة المرور خاطئة','::1','2025-04-23 08:44:12'),(277,'login_success','admin','تم تسجيل الدخول بنجاح','::1','2025-04-23 08:44:20'),(278,'login_success','admin','تم تسجيل الدخول بنجاح','::1','2025-04-23 14:28:05'),(279,'loan_success','5','تم طلب الاستعارة بنجاح','::1','2025-04-23 14:33:14'),(280,'login_success','jamal','تم تسجيل الدخول بنجاح','127.0.0.1','2025-04-23 14:33:58'),(281,'login_success','jamal','تم تسجيل الدخول بنجاح','127.0.0.1','2025-04-23 14:37:19'),(282,'loan_success','24','تم طلب الاستعارة بنجاح','127.0.0.1','2025-04-23 14:44:50'),(283,'login_success','roaa','تم تسجيل الدخول بنجاح','127.0.0.1','2025-04-23 14:46:42'),(284,'login_success','roaa','تم تسجيل الدخول بنجاح','127.0.0.1','2025-04-23 16:43:11'),(285,'loan_success','7','تم طلب الاستعارة بنجاح','127.0.0.1','2025-04-23 16:43:15'),(286,'login_success','majed','تم تسجيل الدخول بنجاح','::1','2025-04-23 21:01:57'),(287,'login_success','admin','تم تسجيل الدخول بنجاح','::1','2025-04-23 21:28:14'),(288,'login_success','admin','تم تسجيل الدخول بنجاح','::1','2025-04-24 17:37:16'),(289,'login_success','admin','تم تسجيل الدخول بنجاح','127.0.0.1','2025-04-24 20:54:08'),(290,'login_success','admin','تم تسجيل الدخول بنجاح','::1','2025-04-24 20:55:35'),(291,'login_success','mary','تم تسجيل الدخول بنجاح','127.0.0.1','2025-04-24 20:57:05'),(292,'login_success','admin','تم تسجيل الدخول بنجاح','::1','2025-04-24 21:59:21'),(293,'login_failed','rabi','كلمة المرور خاطئة','::1','2025-04-25 07:14:43'),(294,'login_success','admin','تم تسجيل الدخول بنجاح','::1','2025-04-25 07:14:57'),(295,'login_success','roaa','تم تسجيل الدخول بنجاح','127.0.0.1','2025-04-25 08:13:44'),(296,'login_success','roaa','تم تسجيل الدخول بنجاح','127.0.0.1','2025-04-25 08:56:56'),(297,'login_success','roaa','تم تسجيل الدخول بنجاح','127.0.0.1','2025-04-25 08:57:15'),(298,'login_failed','roaa','المستخدم غير مفعل','127.0.0.1','2025-04-25 08:58:10'),(299,'login_failed','roaa','المستخدم غير مفعل','127.0.0.1','2025-04-25 08:59:02'),(300,'login_failed','roaa','المستخدم غير مفعل','127.0.0.1','2025-04-25 08:59:32'),(301,'login_failed','roaa','المستخدم غير مفعل','127.0.0.1','2025-04-25 09:04:09'),(302,'login_failed','roaa','المستخدم غير مفعل','127.0.0.1','2025-04-25 09:04:21'),(303,'login_failed','roaa','المستخدم غير مفعل','127.0.0.1','2025-04-25 09:09:59'),(304,'login_failed','roaa','المستخدم غير مفعل','127.0.0.1','2025-04-25 09:10:04'),(305,'login_success','admin','تم تسجيل الدخول بنجاح','::1','2025-04-25 09:10:26'),(306,'login_success','roaa','تم تسجيل الدخول بنجاح','127.0.0.1','2025-04-25 09:10:41'),(307,'login_success','roaa','تم تسجيل الدخول بنجاح','127.0.0.1','2025-04-25 09:11:20'),(308,'login_success','admin','تم تسجيل الدخول بنجاح','::1','2025-04-25 10:37:55'),(309,'login_success','admin','تم تسجيل الدخول بنجاح','::1','2025-04-25 10:49:39'),(310,'login_success','admin','تم تسجيل الدخول بنجاح','::1','2025-04-25 13:59:57'),(311,'login_success','admin','تم تسجيل الدخول بنجاح','::1','2025-04-25 15:17:11'),(312,'login_success','admin','تم تسجيل الدخول بنجاح','::1','2025-04-25 15:53:55'),(313,'login_failed','rabi','كلمة المرور خاطئة','::1','2025-04-25 17:53:24'),(314,'login_failed','rabi','كلمة المرور خاطئة','::1','2025-04-25 17:54:04'),(315,'login_success','rabi','تم تسجيل الدخول بنجاح','::1','2025-04-25 17:55:00'),(316,'login_success','admin','تم تسجيل الدخول بنجاح','::1','2025-04-25 17:56:39'),(317,'login_success','admin','تم تسجيل الدخول بنجاح','::1','2025-04-25 21:51:44'),(318,'login_success','admin','تم تسجيل الدخول بنجاح','127.0.0.1','2025-04-25 22:06:41'),(319,'login_success','admin','تم تسجيل الدخول بنجاح','::1','2025-04-26 08:16:44'),(320,'login_success','momo','تم تسجيل الدخول بنجاح','::1','2025-04-26 11:25:09'),(321,'login_success','admin','تم تسجيل الدخول بنجاح','::1','2025-04-26 11:28:40'),(322,'login_success','roaa','تم تسجيل الدخول بنجاح','127.0.0.1','2025-04-26 13:52:06'),(323,'login_success','admin','تم تسجيل الدخول بنجاح','127.0.0.1','2025-04-26 14:27:38'),(324,'login_success','admin','تم تسجيل الدخول بنجاح','::1','2025-04-26 15:00:45'),(325,'login_success','admin','تم تسجيل الدخول بنجاح','::1','2025-04-26 16:10:36'),(326,'login_success','roaa','تم تسجيل الدخول بنجاح','127.0.0.1','2025-04-26 16:11:27'),(327,'login_success','admin','تم تسجيل الدخول بنجاح','::1','2025-04-26 17:38:31'),(328,'login_success','admin','تم تسجيل الدخول بنجاح','::1','2025-04-26 18:32:29'),(329,'login_success','admin','تم تسجيل الدخول بنجاح','::1','2025-04-26 22:11:52'),(330,'login_success','roaa','تم تسجيل الدخول بنجاح','127.0.0.1','2025-04-26 22:12:03'),(331,'login_failed','roaa','المستخدم غير مفعل','127.0.0.1','2025-04-26 22:24:13'),(332,'login_success','roaa','تم تسجيل الدخول بنجاح','127.0.0.1','2025-04-26 22:24:31'),(333,'login_failed','roaa','كلمة المرور خاطئة','127.0.0.1','2025-04-26 22:24:44'),(334,'login_failed','roaa','المستخدم غير مفعل','127.0.0.1','2025-04-26 22:28:17'),(335,'login_failed','roaa','كلمة المرور خاطئة','127.0.0.1','2025-04-26 22:28:42'),(336,'login_success','roaa','تم تسجيل الدخول بنجاح','127.0.0.1','2025-04-26 22:29:07'),(337,'login_failed','roaa','كلمة المرور خاطئة','127.0.0.1','2025-04-26 22:29:19'),(338,'login_failed','roaaf','المستخدم غير موجود','127.0.0.1','2025-04-26 22:32:46'),(339,'login_failed','roaa','كلمة المرور خاطئة','127.0.0.1','2025-04-26 22:32:53'),(340,'login_success','roaa','تم تسجيل الدخول بنجاح','127.0.0.1','2025-04-26 22:33:48'),(341,'login_success','roaa','تم تسجيل الدخول بنجاح','127.0.0.1','2025-04-26 22:58:56'),(342,'login_success','admin','تم تسجيل الدخول بنجاح','::1','2025-04-26 23:45:06'),(343,'login_success','admin','تم تسجيل الدخول بنجاح','::1','2025-04-27 00:44:22'),(344,'loan_success','7','تم طلب الاستعارة بنجاح','127.0.0.1','2025-04-27 00:44:54'),(345,'login_success','jamal','تم تسجيل الدخول بنجاح','127.0.0.1','2025-04-27 01:05:08'),(346,'login_success','roaa','تم تسجيل الدخول بنجاح','127.0.0.1','2025-04-27 01:09:43'),(347,'login_success','admin','تم تسجيل الدخول بنجاح','::1','2025-04-27 04:12:42'),(348,'login_success','admin','تم تسجيل الدخول بنجاح','127.0.0.1','2025-04-27 04:14:15'),(349,'login_success','roaa','تم تسجيل الدخول بنجاح','127.0.0.1','2025-04-27 04:20:54'),(350,'loan_success','7','تم طلب الاستعارة بنجاح','127.0.0.1','2025-04-27 04:29:59'),(351,'loan_success','7','تم طلب الاستعارة بنجاح','127.0.0.1','2025-04-27 04:34:37'),(352,'loan_success','7','تم طلب الاستعارة بنجاح','127.0.0.1','2025-04-27 04:34:44'),(353,'login_success','admin','تم تسجيل الدخول بنجاح','::1','2025-04-27 05:52:15'),(354,'login_success','admin','تم تسجيل الدخول بنجاح','::1','2025-04-27 11:48:40'),(355,'login_success','sami','تم تسجيل الدخول بنجاح','::1','2025-04-27 20:25:40'),(356,'login_success','roaa','تم تسجيل الدخول بنجاح','::1','2025-04-27 20:44:40'),(357,'login_failed','majed','المستخدم غير مفعل','::1','2025-04-27 20:52:19'),(358,'login_success','roaa','تم تسجيل الدخول بنجاح','::1','2025-04-27 20:52:29'),(359,'login_success','jamal','تم تسجيل الدخول بنجاح','127.0.0.1','2025-04-27 21:34:14'),(360,'login_success','jamal','تم تسجيل الدخول بنجاح','127.0.0.1','2025-04-27 22:34:59'),(361,'login_success','admin','تم تسجيل الدخول بنجاح','::1','2025-04-27 23:20:33'),(362,'login_success','admin','تم تسجيل الدخول بنجاح','::1','2025-04-27 23:40:39'),(363,'login_success','roaa','تم تسجيل الدخول بنجاح','::1','2025-04-27 23:41:18'),(364,'login_success','admin','تم تسجيل الدخول بنجاح','127.0.0.1','2025-04-28 00:09:32'),(365,'login_success','jamal','تم تسجيل الدخول بنجاح','127.0.0.1','2025-04-28 01:17:56'),(366,'login_success','roaa','تم تسجيل الدخول بنجاح','::1','2025-04-28 05:57:10'),(367,'login_success','admin','تم تسجيل الدخول بنجاح','127.0.0.1','2025-04-28 07:04:25'),(368,'login_success','admin','تم تسجيل الدخول بنجاح','::1','2025-04-28 10:20:24'),(369,'login_success','roaa','تم تسجيل الدخول بنجاح','127.0.0.1','2025-04-28 10:21:46'),(370,'login_success','rr','تم تسجيل الدخول بنجاح','127.0.0.1','2025-04-28 11:21:17'),(371,'login_success','ww','تم تسجيل الدخول بنجاح','127.0.0.1','2025-04-28 11:38:14'),(372,'login_success','admin','تم تسجيل الدخول بنجاح','::1','2025-04-28 11:47:21'),(373,'loan_success','27','تم طلب الاستعارة بنجاح','127.0.0.1','2025-04-28 11:51:18'),(374,'login_failed','صص','المستخدم غير موجود','127.0.0.1','2025-04-28 12:44:58'),(375,'login_success','ww','تم تسجيل الدخول بنجاح','127.0.0.1','2025-04-28 12:45:06'),(376,'login_failed','ww','كلمة المرور خاطئة','127.0.0.1','2025-04-28 12:48:38'),(377,'login_success','ww','تم تسجيل الدخول بنجاح','127.0.0.1','2025-04-28 12:48:46'),(378,'login_success','admin','تم تسجيل الدخول بنجاح','::1','2025-04-28 12:56:30'),(379,'login_success','roaa','تم تسجيل الدخول بنجاح','127.0.0.1','2025-04-28 13:31:58'),(380,'login_success','roaa','تم تسجيل الدخول بنجاح','::1','2025-04-28 16:12:33'),(381,'login_success','roaa','تم تسجيل الدخول بنجاح','::1','2025-04-28 16:43:06'),(382,'login_success','ww','تم تسجيل الدخول بنجاح','::1','2025-04-28 17:04:31'),(383,'loan_success','27','تم طلب الاستعارة بنجاح','::1','2025-04-28 17:14:18'),(384,'login_success','admin','تم تسجيل الدخول بنجاح','127.0.0.1','2025-04-28 17:15:08'),(385,'login_success','ww','تم تسجيل الدخول بنجاح','::1','2025-04-28 20:43:32'),(386,'login_success','ww','تم تسجيل الدخول بنجاح','::1','2025-04-28 22:09:06'),(387,'login_success','admin','تم تسجيل الدخول بنجاح','127.0.0.1','2025-04-28 22:31:19'),(388,'loan_success','27','تم طلب الاستعارة بنجاح','::1','2025-04-28 22:31:37'),(389,'loan_success','27','تم طلب الاستعارة بنجاح','::1','2025-04-28 22:33:38'),(390,'login_failed','rabi','كلمة المرور خاطئة','::1','2025-04-28 23:26:42'),(391,'login_success','ww','تم تسجيل الدخول بنجاح','::1','2025-04-28 23:26:49'),(392,'login_success','admin','تم تسجيل الدخول بنجاح','127.0.0.1','2025-04-28 23:28:57'),(393,'loan_success','27','تم طلب الاستعارة بنجاح','::1','2025-04-28 23:29:15'),(394,'loan_success','27','تم طلب الاستعارة بنجاح','::1','2025-04-29 00:06:40'),(395,'login_success','roaa','تم تسجيل الدخول بنجاح','::1','2025-04-29 00:24:27'),(396,'login_success','ww','تم تسجيل الدخول بنجاح','::1','2025-04-29 00:42:44'),(397,'login_success','admin','تم تسجيل الدخول بنجاح','127.0.0.1','2025-04-29 01:07:28'),(398,'login_success','ww','تم تسجيل الدخول بنجاح','::1','2025-04-29 05:26:33'),(399,'login_success','roaa','تم تسجيل الدخول بنجاح','127.0.0.1','2025-04-29 05:54:44'),(400,'login_success','admin','تم تسجيل الدخول بنجاح','::1','2025-04-29 05:57:24'),(401,'login_success','admin','تم تسجيل الدخول بنجاح','::1','2025-04-29 07:02:59'),(402,'login_success','malek','تم تسجيل الدخول بنجاح','::1','2025-04-29 10:24:38'),(403,'loan_success','28','تم طلب الاستعارة بنجاح','::1','2025-04-29 10:27:26'),(404,'loan_success','28','تم طلب الاستعارة بنجاح','::1','2025-04-29 10:31:21'),(405,'loan_success','28','تم طلب الاستعارة بنجاح','::1','2025-04-29 10:32:27'),(406,'loan_success','28','تم طلب الاستعارة بنجاح','::1','2025-04-29 10:34:20'),(407,'login_success','admin','تم تسجيل الدخول بنجاح','127.0.0.1','2025-04-29 10:44:30'),(408,'login_failed','rabi','كلمة المرور خاطئة','::1','2025-04-29 20:40:51'),(409,'login_success','malek','تم تسجيل الدخول بنجاح','::1','2025-04-29 20:40:57'),(410,'login_success','malek','تم تسجيل الدخول بنجاح','::1','2025-04-29 22:21:14'),(411,'login_success','admin','تم تسجيل الدخول بنجاح','127.0.0.1','2025-04-29 22:21:34'),(412,'login_success','malek','تم تسجيل الدخول بنجاح','127.0.0.1','2025-04-29 22:23:08'),(413,'login_success','admin','تم تسجيل الدخول بنجاح','127.0.0.1','2025-04-29 22:23:35'),(414,'login_success','roaa','تم تسجيل الدخول بنجاح','::1','2025-04-29 23:32:59'),(415,'login_failed','majed','المستخدم غير مفعل','::1','2025-04-29 23:34:53'),(416,'login_success','sami','تم تسجيل الدخول بنجاح','::1','2025-04-29 23:35:02'),(417,'login_success','admin','تم تسجيل الدخول بنجاح','127.0.0.1','2025-04-29 23:35:26'),(418,'loan_success','17','تم طلب الاستعارة بنجاح','::1','2025-04-29 23:36:01'),(419,'loan_success','17','تم طلب الاستعارة بنجاح','::1','2025-04-30 00:06:11'),(420,'login_failed','sami@com','المستخدم غير موجود','::1','2025-04-30 01:12:40'),(421,'login_failed','sami','كلمة المرور خاطئة','::1','2025-04-30 01:12:48'),(422,'login_failed','sami','كلمة المرور خاطئة','::1','2025-04-30 01:13:38'),(423,'login_success','sami','تم تسجيل الدخول بنجاح','::1','2025-04-30 01:14:32'),(424,'login_failed','admin','كلمة المرور خاطئة','127.0.0.1','2025-04-30 01:36:11'),(425,'login_failed','admin','كلمة المرور خاطئة','127.0.0.1','2025-04-30 01:36:35'),(426,'login_success','admin','تم تسجيل الدخول بنجاح','127.0.0.1','2025-04-30 01:37:41'),(427,'login_success','admin','تم تسجيل الدخول بنجاح','::1','2025-04-30 06:29:28'),(428,'login_failed','admin','كلمة المرور خاطئة','::1','2025-04-30 13:26:04'),(429,'login_failed','admin','كلمة المرور خاطئة','::1','2025-04-30 13:26:12'),(430,'login_failed','admin','كلمة المرور خاطئة','::1','2025-04-30 13:27:06'),(431,'login_failed','admin','كلمة المرور خاطئة','::1','2025-04-30 13:41:16'),(432,'login_success','admin','تم تسجيل الدخول بنجاح','::1','2025-04-30 13:43:17'),(433,'login_success','admin','تم تسجيل الدخول بنجاح','::1','2025-04-30 22:09:40'),(434,'login_success','admin','تم تسجيل الدخول بنجاح','::1','2025-04-30 22:38:19'),(435,'login_success','admin','تم تسجيل الدخول بنجاح','::1','2025-04-30 23:28:36'),(436,'login_failed','majed','المستخدم غير مفعل','::1','2025-05-02 11:00:42'),(437,'login_success','malek','تم تسجيل الدخول بنجاح','::1','2025-05-02 11:00:49'),(438,'login_success','malek','تم تسجيل الدخول بنجاح','::1','2025-05-02 16:23:18'),(439,'login_success','malek','تم تسجيل الدخول بنجاح','::1','2025-05-02 16:31:27'),(440,'login_success','malek','تم تسجيل الدخول بنجاح','::1','2025-05-02 17:06:00'),(441,'login_success','malek','تم تسجيل الدخول بنجاح','::1','2025-05-02 17:08:03'),(442,'login_success','malek','تم تسجيل الدخول بنجاح','::1','2025-05-02 17:10:22'),(443,'login_success','malek','تم تسجيل الدخول بنجاح','::1','2025-05-02 17:17:30'),(444,'login_success','malek','تم تسجيل الدخول بنجاح','::1','2025-05-02 17:19:04'),(445,'login_success','malek','تم تسجيل الدخول بنجاح','::1','2025-05-02 17:20:35'),(446,'login_success','malek','تم تسجيل الدخول بنجاح','::1','2025-05-02 17:24:29'),(447,'login_success','malek','تم تسجيل الدخول بنجاح','::1','2025-05-02 17:46:37'),(448,'login_success','malek','تم تسجيل الدخول بنجاح','::1','2025-05-02 17:55:04'),(449,'login_success','malek','تم تسجيل الدخول بنجاح','::1','2025-05-02 17:59:33'),(450,'login_success','malek','تم تسجيل الدخول بنجاح','::1','2025-05-02 18:02:14'),(451,'login_success','malek','تم تسجيل الدخول بنجاح','::1','2025-05-02 18:03:54'),(452,'login_success','malek','تم تسجيل الدخول بنجاح','::1','2025-05-02 18:05:45'),(453,'login_success','malek','تم تسجيل الدخول بنجاح','::1','2025-05-02 19:44:59'),(454,'login_success','malek','تم تسجيل الدخول بنجاح','::1','2025-05-02 19:53:15'),(455,'login_success','malek','تم تسجيل الدخول بنجاح','::1','2025-05-02 19:55:34'),(456,'login_success','malek','تم تسجيل الدخول بنجاح','::1','2025-05-02 19:58:52'),(457,'login_success','malek','تم تسجيل الدخول بنجاح','::1','2025-05-02 20:04:55'),(458,'login_success','admin','تم تسجيل الدخول بنجاح','::1','2025-05-02 21:50:47'),(459,'login_success','admin','تم تسجيل الدخول بنجاح','::1','2025-05-02 22:04:28'),(460,'login_success','admin','تم تسجيل الدخول بنجاح','::1','2025-05-02 23:44:51'),(461,'login_failed','admin','كلمة المرور خاطئة','::1','2025-05-02 23:45:12'),(462,'login_success','admin','تم تسجيل الدخول بنجاح','::1','2025-05-02 23:45:19'),(463,'login_success','admin','تم تسجيل الدخول بنجاح','::1','2025-05-03 02:01:52'),(464,'login_success','kamaal','تم تسجيل الدخول بنجاح','::1','2025-05-03 10:38:31'),(465,'login_success','شهد','تم تسجيل الدخول بنجاح','::1','2025-05-03 10:56:09'),(466,'login_success','تالا','تم تسجيل الدخول بنجاح','::1','2025-05-03 10:59:10'),(467,'loan_success','32','تم طلب الاستعارة بنجاح','::1','2025-05-03 11:04:45'),(468,'login_failed','مايا','المستخدم غير موجود','::1','2025-05-03 12:08:03'),(469,'login_failed','مايا','كلمة المرور خاطئة','::1','2025-05-03 12:08:40'),(470,'login_failed','مايا','كلمة المرور خاطئة','::1','2025-05-03 12:08:50'),(471,'login_success','مايا','تم تسجيل الدخول بنجاح','::1','2025-05-03 12:09:39'),(472,'login_failed','شهد','كلمة المرور خاطئة','::1','2025-05-03 12:19:13'),(473,'login_success','شهد','تم تسجيل الدخول بنجاح','::1','2025-05-03 12:19:21'),(474,'loan_success','31','تم طلب الاستعارة بنجاح','::1','2025-05-03 12:26:22'),(475,'loan_success','31','تم طلب الاستعارة بنجاح','::1','2025-05-03 12:29:03'),(476,'login_failed','admin','كلمة المرور خاطئة','::1','2025-05-03 12:41:20'),(477,'login_failed','admin','كلمة المرور خاطئة','::1','2025-05-03 12:41:28'),(478,'login_success','admin','تم تسجيل الدخول بنجاح','::1','2025-05-03 12:42:12'),(479,'login_failed','شهد','كلمة المرور خاطئة','::1','2025-05-03 12:45:40'),(480,'login_failed','شهد','كلمة المرور خاطئة','::1','2025-05-03 12:46:01'),(481,'login_success','شهد','تم تسجيل الدخول بنجاح','::1','2025-05-03 12:47:12'),(482,'login_success','admin','تم تسجيل الدخول بنجاح','::1','2025-05-03 20:50:36'),(483,'login_success','admin','تم تسجيل الدخول بنجاح','::1','2025-05-04 22:11:56'),(484,'login_success','admin','تم تسجيل الدخول بنجاح','::1','2025-05-04 23:34:55'),(485,'login_success','admin','تم تسجيل الدخول بنجاح','::1','2025-05-05 16:48:09'),(486,'login_success','admin','تم تسجيل الدخول بنجاح','::1','2025-05-05 21:38:08'),(487,'loan_success','5','تم طلب الاستعارة بنجاح','::1','2025-05-06 00:08:20'),(488,'login_success','jamal','تم تسجيل الدخول بنجاح','127.0.0.1','2025-05-06 00:09:23'),(489,'loan_success','24','تم طلب الاستعارة بنجاح','127.0.0.1','2025-05-06 00:09:35'),(490,'loan_success','24','تم طلب الاستعارة بنجاح','127.0.0.1','2025-05-06 00:11:16'),(491,'login_success','malek','تم تسجيل الدخول بنجاح','::1','2025-05-06 02:32:41'),(492,'login_success','malek','تم تسجيل الدخول بنجاح','::1','2025-05-06 10:35:16'),(493,'login_success','malek','تم تسجيل الدخول بنجاح','::1','2025-05-06 10:35:18'),(494,'login_success','jamal','تم تسجيل الدخول بنجاح','127.0.0.1','2025-05-06 10:37:56'),(495,'login_success','admin','تم تسجيل الدخول بنجاح','::1','2025-05-06 10:55:10'),(496,'login_success','malek','تم تسجيل الدخول بنجاح','127.0.0.1','2025-05-06 11:01:00'),(497,'loan_success','28','تم طلب الاستعارة بنجاح','127.0.0.1','2025-05-06 11:01:13'),(498,'loan_success','28','تم طلب الاستعارة بنجاح','127.0.0.1','2025-05-06 11:44:48'),(499,'login_success','admin','تم تسجيل الدخول بنجاح','::1','2025-05-06 11:45:03'),(500,'login_success','malek','تم تسجيل الدخول بنجاح','127.0.0.1','2025-05-06 11:49:08'),(501,'loan_success','28','تم طلب الاستعارة بنجاح','127.0.0.1','2025-05-06 11:50:11'),(502,'loan_success','28','تم طلب الاستعارة بنجاح','127.0.0.1','2025-05-06 11:54:19'),(503,'login_success','jamal','تم تسجيل الدخول بنجاح','127.0.0.1','2025-05-06 12:36:49'),(504,'login_success','malek','تم تسجيل الدخول بنجاح','127.0.0.1','2025-05-06 12:39:01'),(505,'loan_success','28','تم طلب الاستعارة بنجاح','127.0.0.1','2025-05-06 13:11:49'),(506,'login_success','malek','تم تسجيل الدخول بنجاح','127.0.0.1','2025-05-06 13:46:31'),(507,'login_success','admin','تم تسجيل الدخول بنجاح','::1','2025-05-06 13:47:37'),(508,'loan_success','28','تم طلب الاستعارة بنجاح','127.0.0.1','2025-05-06 13:52:44'),(509,'login_success','admin','تم تسجيل الدخول بنجاح','::1','2025-05-06 15:54:05'),(510,'login_success','roaa','تم تسجيل الدخول بنجاح','127.0.0.1','2025-05-06 15:59:07'),(511,'loan_success','7','تم طلب الاستعارة بنجاح','127.0.0.1','2025-05-06 16:02:25'),(512,'login_success','roaa','تم تسجيل الدخول بنجاح','127.0.0.1','2025-05-06 16:03:38'),(513,'loan_success','7','تم طلب الاستعارة بنجاح','127.0.0.1','2025-05-06 16:21:02'),(514,'login_success','roaa','تم تسجيل الدخول بنجاح','127.0.0.1','2025-05-06 16:31:28'),(515,'login_success','admin','تم تسجيل الدخول بنجاح','::1','2025-05-06 20:42:02'),(516,'login_success','roaa','تم تسجيل الدخول بنجاح','127.0.0.1','2025-05-06 20:43:12'),(517,'login_success','admin','تم تسجيل الدخول بنجاح','::1','2025-05-06 21:10:50'),(518,'login_success','admin','تم تسجيل الدخول بنجاح','::1','2025-05-07 00:57:43'),(519,'login_success','admin','تم تسجيل الدخول بنجاح','::1','2025-05-08 07:25:01'),(520,'login_success','admin','تم تسجيل الدخول بنجاح','::1','2025-05-08 09:27:58'),(521,'login_success','admin','تم تسجيل الدخول بنجاح','::1','2025-05-08 12:34:54'),(522,'login_success','admin','تم تسجيل الدخول بنجاح','::1','2025-05-08 16:49:17'),(523,'login_success','jamal','تم تسجيل الدخول بنجاح','127.0.0.1','2025-05-08 18:04:52'),(524,'login_success','jamal','تم تسجيل الدخول بنجاح','127.0.0.1','2025-05-08 18:45:08'),(525,'login_success','admin','تم تسجيل الدخول بنجاح','::1','2025-05-08 22:08:32'),(526,'login_success','admin','تم تسجيل الدخول بنجاح','::1','2025-05-10 07:49:12'),(527,'login_success','admin','تم تسجيل الدخول بنجاح','::1','2025-05-11 09:49:59'),(528,'login_success','roaa','تم تسجيل الدخول بنجاح','::1','2025-05-11 09:50:10'),(529,'login_success','roaa','تم تسجيل الدخول بنجاح','::1','2025-05-11 16:45:43'),(530,'login_failed','admin','كلمة المرور خاطئة','127.0.0.1','2025-05-15 13:30:12'),(531,'login_success','admin','تم تسجيل الدخول بنجاح','127.0.0.1','2025-05-15 13:31:27'),(532,'login_success','admin','تم تسجيل الدخول بنجاح','127.0.0.1','2025-05-15 13:35:25'),(533,'login_success','batt','تم تسجيل الدخول بنجاح','::1','2025-05-15 13:40:14'),(534,'loan_success','35','تم طلب الاستعارة بنجاح','::1','2025-05-15 13:46:23'),(535,'login_success','roaa','تم تسجيل الدخول بنجاح','::1','2025-05-15 14:06:49'),(536,'login_success','malek','تم تسجيل الدخول بنجاح','::1','2025-05-15 15:05:30'),(537,'login_success','kamaal','تم تسجيل الدخول بنجاح','::1','2025-05-15 15:05:47'),(538,'login_success','admin','تم تسجيل الدخول بنجاح','127.0.0.1','2025-05-15 15:48:31'),(539,'login_failed','admin','كلمة المرور خاطئة','::1','2025-05-15 15:55:45'),(540,'login_success','admin','تم تسجيل الدخول بنجاح','::1','2025-05-15 15:55:54'),(541,'login_success','admin','تم تسجيل الدخول بنجاح','::1','2025-05-16 01:43:15'),(542,'login_success','ahmad','تم تسجيل الدخول بنجاح','::1','2025-05-16 10:51:28'),(543,'login_success','admin','تم تسجيل الدخول بنجاح','::1','2025-05-17 05:57:02'),(544,'login_success','admin','تم تسجيل الدخول بنجاح','::1','2025-05-17 13:16:43'),(545,'login_success','roaa','تم تسجيل الدخول بنجاح','::1','2025-05-17 13:16:59'),(546,'login_success','admin','تم تسجيل الدخول بنجاح','::1','2025-05-17 17:45:18'),(547,'login_success','admin','تم تسجيل الدخول بنجاح','::1','2025-05-17 17:53:27'),(548,'login_success','malek','تم تسجيل الدخول بنجاح','127.0.0.1','2025-05-17 18:13:45'),(549,'login_success','jamal','تم تسجيل الدخول بنجاح','127.0.0.1','2025-05-17 19:11:14'),(550,'login_success','jamal','تم تسجيل الدخول بنجاح','127.0.0.1','2025-05-17 19:49:37'),(551,'login_success','admin','تم تسجيل الدخول بنجاح','::1','2025-05-17 20:30:24'),(552,'login_success','jamal','تم تسجيل الدخول بنجاح','127.0.0.1','2025-05-17 21:12:45'),(553,'login_success','roaa','تم تسجيل الدخول بنجاح','127.0.0.1','2025-05-17 21:14:13'),(554,'login_success','malek','تم تسجيل الدخول بنجاح','::1','2025-05-18 06:29:43'),(555,'login_success','admin','تم تسجيل الدخول بنجاح','::1','2025-05-18 21:21:50'),(556,'login_success','admin','تم تسجيل الدخول بنجاح','::1','2025-05-19 00:07:45'),(557,'login_success','admin','تم تسجيل الدخول بنجاح','::1','2025-05-19 04:47:55'),(558,'login_success','admin','تم تسجيل الدخول بنجاح','::1','2025-05-19 11:10:24'),(559,'login_success','admin','تم تسجيل الدخول بنجاح','::1','2025-05-19 14:42:22'),(560,'login_success','roaa','تم تسجيل الدخول بنجاح','::1','2025-05-19 16:39:49'),(561,'loan_success','7','تم طلب الاستعارة بنجاح','::1','2025-05-19 17:15:15'),(562,'login_success','roaa','تم تسجيل الدخول بنجاح','::1','2025-05-19 20:39:06'),(563,'login_success','admin','تم تسجيل الدخول بنجاح','::1','2025-05-19 23:01:58'),(564,'login_success','roaa','تم تسجيل الدخول بنجاح','::1','2025-05-20 00:03:34'),(565,'login_success','admin','تم تسجيل الدخول بنجاح','::1','2025-05-20 02:12:46'),(566,'login_success','roaa','تم تسجيل الدخول بنجاح','::1','2025-05-20 02:29:58'),(567,'login_success','admin','تم تسجيل الدخول بنجاح','::1','2025-05-20 02:31:26'),(568,'login_success','roaa','تم تسجيل الدخول بنجاح','::1','2025-05-20 02:34:06'),(569,'login_success','admin','تم تسجيل الدخول بنجاح','::1','2025-05-20 02:35:43'),(570,'login_success','roaa','تم تسجيل الدخول بنجاح','::1','2025-05-20 04:43:08'),(571,'login_success','admin','تم تسجيل الدخول بنجاح','127.0.0.1','2025-05-20 04:45:34'),(572,'login_failed','rabi','كلمة المرور خاطئة','::1','2025-05-20 06:50:25'),(573,'login_success','roaa','تم تسجيل الدخول بنجاح','::1','2025-05-20 06:50:32'),(574,'login_success','admin','تم تسجيل الدخول بنجاح','127.0.0.1','2025-05-20 07:25:30'),(575,'login_success','roaa','تم تسجيل الدخول بنجاح','::1','2025-05-20 14:24:37'),(576,'login_success','admin','تم تسجيل الدخول بنجاح','::1','2025-05-20 14:30:25'),(577,'login_success','admin','تم تسجيل الدخول بنجاح','::1','2025-05-20 15:36:42'),(578,'login_success','roaa','تم تسجيل الدخول بنجاح','::1','2025-05-20 23:57:43'),(579,'login_success','roaa','تم تسجيل الدخول بنجاح','::1','2025-05-21 01:29:49'),(580,'login_success','admin','تم تسجيل الدخول بنجاح','::1','2025-05-21 01:53:31'),(581,'login_success','roaa','تم تسجيل الدخول بنجاح','::1','2025-05-21 18:49:05'),(582,'login_success','admin','تم تسجيل الدخول بنجاح','127.0.0.1','2025-05-21 18:54:51'),(583,'login_success','kamaal','تم تسجيل الدخول بنجاح','::1','2025-05-21 18:58:42'),(584,'login_success','malek','تم تسجيل الدخول بنجاح','::1','2025-05-21 18:58:51'),(585,'login_success','batt','تم تسجيل الدخول بنجاح','::1','2025-05-21 18:59:07'),(586,'login_success','roaa','تم تسجيل الدخول بنجاح','::1','2025-05-21 18:59:30'),(587,'login_success','roaa','تم تسجيل الدخول بنجاح','::1','2025-05-21 19:15:36'),(588,'login_success','admin','تم تسجيل الدخول بنجاح','::1','2025-06-01 01:54:46'),(589,'login_success','admin','تم تسجيل الدخول بنجاح','::1','2025-06-02 00:45:49'),(590,'login_success','admin','تم تسجيل الدخول بنجاح','::1','2025-06-02 06:07:26'),(591,'login_failed','phpmyadmin','المستخدم غير موجود','::1','2025-06-02 08:37:26'),(592,'login_success','admin','تم تسجيل الدخول بنجاح','::1','2025-06-02 08:37:31'),(593,'login_success','admin','تم تسجيل الدخول بنجاح','::1','2025-06-02 17:32:06'),(594,'login_success','admin','تم تسجيل الدخول بنجاح','::1','2025-06-02 18:22:45'),(595,'login_success','admin','تم تسجيل الدخول بنجاح','::1','2025-06-02 18:50:12'),(596,'login_success','admin','تم تسجيل الدخول بنجاح','::1','2025-06-03 00:05:25'),(597,'loan_success','5','تم طلب الاستعارة بنجاح','::1','2025-06-03 02:47:42'),(598,'login_success','admin','تم تسجيل الدخول بنجاح','::1','2025-06-03 03:20:02'),(599,'login_success','roaa','تم تسجيل الدخول بنجاح','::1','2025-06-03 03:44:26'),(600,'login_success','malek','تم تسجيل الدخول بنجاح','::1','2025-06-03 04:28:57'),(601,'login_success','malek','تم تسجيل الدخول بنجاح','::1','2025-06-03 08:59:19'),(602,'login_success','malek','تم تسجيل الدخول بنجاح','::1','2025-06-03 19:04:20'),(603,'login_success','admin','تم تسجيل الدخول بنجاح','::1','2025-06-04 13:24:11'),(604,'login_failed','majed','المستخدم غير مفعل','::1','2025-06-04 13:24:40'),(605,'login_success','malek','تم تسجيل الدخول بنجاح','::1','2025-06-04 13:24:44'),(606,'login_success','malek','تم تسجيل الدخول بنجاح','::1','2025-06-04 13:31:34'),(607,'login_success','malek','تم تسجيل الدخول بنجاح','::1','2025-06-04 13:36:45'),(608,'login_success','malek','تم تسجيل الدخول بنجاح','::1','2025-06-04 13:45:20'),(609,'login_failed','fd','المستخدم غير موجود','::1','2025-06-04 14:11:26'),(610,'login_failed','rf','المستخدم غير موجود','::1','2025-06-04 14:13:09'),(611,'login_failed','ss','المستخدم غير موجود','::1','2025-06-04 14:15:02'),(612,'login_failed','fsdgfsfsdfsdfsdf','المستخدم غير موجود','::1','2025-06-04 14:17:30'),(613,'login_success','malek','تم تسجيل الدخول بنجاح','::1','2025-06-04 14:47:47'),(614,'loan_success','28','تم طلب الاستعارة بنجاح','::1','2025-06-04 14:47:54'),(615,'login_success','malek','تم تسجيل الدخول بنجاح','::1','2025-06-04 15:20:43'),(616,'login_failed','malekff','المستخدم غير موجود','::1','2025-06-05 09:19:18'),(617,'login_failed','malekv','المستخدم غير موجود','::1','2025-06-05 09:21:39'),(618,'login_failed','malekrr','المستخدم غير موجود','::1','2025-06-05 09:21:46'),(619,'login_failed','malekf','المستخدم غير موجود','::1','2025-06-05 09:22:45'),(620,'login_failed','malekd','المستخدم غير موجود','::1','2025-06-05 09:23:44'),(621,'login_success','malek','تم تسجيل الدخول بنجاح','::1','2025-06-05 09:23:48'),(622,'login_failed','maleke','المستخدم غير موجود','::1','2025-06-05 09:26:57'),(623,'login_failed','maleke','المستخدم غير موجود','::1','2025-06-05 09:28:25'),(624,'login_success','malek','تم تسجيل الدخول بنجاح','::1','2025-06-05 09:28:30'),(625,'login_success','mimi','تم تسجيل الدخول بنجاح','::1','2025-06-05 09:31:48'),(626,'login_success','mimi','تم تسجيل الدخول بنجاح','::1','2025-06-05 09:42:34'),(627,'login_success','mimi','تم تسجيل الدخول بنجاح','::1','2025-06-05 09:43:09'),(628,'login_success','mimi','تم تسجيل الدخول بنجاح','::1','2025-06-05 09:44:32'),(629,'login_success','mimi','تم تسجيل الدخول بنجاح','::1','2025-06-05 13:05:19'),(630,'login_success','admin','تم تسجيل الدخول بنجاح','::1','2025-06-05 13:17:20'),(631,'login_success','mimi','تم تسجيل الدخول بنجاح','::1','2025-06-05 13:54:15'),(632,'login_success','mimi','تم تسجيل الدخول بنجاح','127.0.0.1','2025-06-05 14:02:31'),(633,'login_success','mimi','تم تسجيل الدخول بنجاح','::1','2025-06-05 14:16:54'),(634,'login_success','mimi','تم تسجيل الدخول بنجاح','::1','2025-06-05 14:25:53'),(635,'login_success','mimi','تم تسجيل الدخول بنجاح','::1','2025-06-05 14:34:37'),(636,'login_success','mimi','تم تسجيل الدخول بنجاح','::1','2025-06-05 14:36:38'),(637,'login_success','mimi','تم تسجيل الدخول بنجاح','::1','2025-06-05 14:37:23'),(638,'login_success','mimi','تم تسجيل الدخول بنجاح','::1','2025-06-05 14:41:11'),(639,'login_success','admin','تم تسجيل الدخول بنجاح','::1','2025-06-05 14:56:24'),(640,'login_success','mimi','تم تسجيل الدخول بنجاح','::1','2025-06-05 14:56:45'),(641,'login_success','mimi','تم تسجيل الدخول بنجاح','::1','2025-06-06 00:30:41'),(642,'login_failed','admin','كلمة المرور خاطئة','127.0.0.1','2025-06-06 00:40:20'),(643,'login_failed','admin','كلمة المرور خاطئة','127.0.0.1','2025-06-06 00:40:33'),(644,'login_failed','admin','كلمة المرور خاطئة','127.0.0.1','2025-06-06 00:41:13'),(645,'login_failed','admin','كلمة المرور خاطئة','127.0.0.1','2025-06-06 00:41:22'),(646,'login_success','admin','تم تسجيل الدخول بنجاح','127.0.0.1','2025-06-06 00:42:00'),(647,'login_failed','admin','كلمة المرور خاطئة','::1','2025-06-06 15:00:31'),(648,'login_success','admin','تم تسجيل الدخول بنجاح','::1','2025-06-06 15:00:41'),(649,'login_success','admin','تم تسجيل الدخول بنجاح','127.0.0.1','2025-06-06 16:25:25'),(650,'login_success','admin','تم تسجيل الدخول بنجاح','::1','2025-06-06 22:22:28'),(651,'login_success','admin','تم تسجيل الدخول بنجاح','::1','2025-06-07 00:07:40'),(652,'login_success','admin','تم تسجيل الدخول بنجاح','::1','2025-06-07 00:41:06'),(653,'login_success','admin','تم تسجيل الدخول بنجاح','::1','2025-06-07 01:12:39'),(654,'login_success','admin','تم تسجيل الدخول بنجاح','::1','2025-06-07 01:16:43'),(655,'login_success','admin','تم تسجيل الدخول بنجاح','::1','2025-06-07 02:20:59'),(656,'login_success','roaa','تم تسجيل الدخول بنجاح','::1','2025-06-07 02:51:24'),(657,'login_success','maya','تم تسجيل الدخول بنجاح','::1','2025-06-07 02:55:46'),(658,'login_failed','maya','المستخدم غير موجود','::1','2025-06-07 02:56:22'),(659,'login_failed','maya','المستخدم غير موجود','::1','2025-06-07 03:08:32'),(660,'login_success','admin','تم تسجيل الدخول بنجاح','127.0.0.1','2025-06-07 03:11:36'),(661,'login_success','maya','تم تسجيل الدخول بنجاح','::1','2025-06-07 03:12:07'),(662,'login_failed','maya','المستخدم غير موجود','::1','2025-06-07 03:22:46'),(663,'login_success','maya','تم تسجيل الدخول بنجاح','::1','2025-06-07 03:23:16'),(664,'login_success','maya','تم تسجيل الدخول بنجاح','::1','2025-06-07 03:33:42'),(665,'login_failed','maya','المستخدم غير موجود','::1','2025-06-07 03:41:25'),(666,'login_success','maya','تم تسجيل الدخول بنجاح','::1','2025-06-07 03:42:05'),(667,'login_success','maya','تم تسجيل الدخول بنجاح','::1','2025-06-07 03:43:47'),(668,'login_success','admin','تم تسجيل الدخول بنجاح','::1','2025-06-07 08:57:28'),(669,'login_success','roaa','تم تسجيل الدخول بنجاح','127.0.0.1','2025-06-07 10:07:02'),(670,'login_success','roaa','تم تسجيل الدخول بنجاح','127.0.0.1','2025-06-07 16:24:21'),(671,'login_success','admin','تم تسجيل الدخول بنجاح','::1','2025-06-07 16:24:49'),(672,'login_success','norma','تم تسجيل الدخول بنجاح','127.0.0.1','2025-06-07 17:37:40'),(673,'login_success','norma','تم تسجيل الدخول بنجاح','127.0.0.1','2025-06-07 18:01:12'),(674,'login_success','norma','تم تسجيل الدخول بنجاح','127.0.0.1','2025-06-07 18:01:41'),(675,'login_failed','norma','كلمة المرور خاطئة','127.0.0.1','2025-06-07 18:11:44'),(676,'login_success','norma','تم تسجيل الدخول بنجاح','127.0.0.1','2025-06-07 18:11:55'),(677,'login_success','norma','تم تسجيل الدخول بنجاح','127.0.0.1','2025-06-07 18:53:48'),(678,'login_success','admin','تم تسجيل الدخول بنجاح','::1','2025-06-07 19:26:51'),(679,'login_success','admin','تم تسجيل الدخول بنجاح','::1','2025-06-08 00:30:47'),(680,'login_success','admin','تم تسجيل الدخول بنجاح','::1','2025-06-08 01:42:24'),(681,'login_success','roaa','تم تسجيل الدخول بنجاح','::1','2025-06-08 02:47:36'),(682,'login_success','admin','تم تسجيل الدخول بنجاح','::1','2025-06-08 02:48:32'),(683,'login_success','admin','تم تسجيل الدخول بنجاح','::1','2025-06-08 10:44:49'),(684,'login_success','admin','تم تسجيل الدخول بنجاح','::1','2025-06-08 11:35:25'),(685,'login_success','admin','تم تسجيل الدخول بنجاح','::1','2025-06-08 14:21:34'),(686,'login_success','admin','تم تسجيل الدخول بنجاح','::1','2025-06-08 18:42:02'),(687,'login_success','roaa','تم تسجيل الدخول بنجاح','127.0.0.1','2025-06-08 19:40:21'),(688,'loan_success','7','تم طلب الاستعارة بنجاح','127.0.0.1','2025-06-08 19:43:04'),(689,'login_success','admin','تم تسجيل الدخول بنجاح','::1','2025-06-08 20:40:50'),(690,'login_success','admin','تم تسجيل الدخول بنجاح','::1','2025-06-08 20:56:16'),(691,'login_success','majed','تم تسجيل الدخول بنجاح','127.0.0.1','2025-06-09 00:34:50'),(692,'login_failed','ahmad','المستخدم غير موجود','::1','2025-06-09 03:41:15'),(693,'login_success','admin','تم تسجيل الدخول بنجاح','::1','2025-06-09 03:41:22'),(694,'login_success','admin','تم تسجيل الدخول بنجاح','::1','2025-06-09 11:41:30'),(695,'login_success','admin','تم تسجيل الدخول بنجاح','::1','2025-06-09 13:39:41'),(696,'login_success','admin','تم تسجيل الدخول بنجاح','::1','2025-06-09 16:15:27'),(697,'login_success','admin','تم تسجيل الدخول بنجاح','::1','2025-06-09 20:18:28'),(698,'login_success','admin','تم تسجيل الدخول بنجاح','::1','2025-06-09 21:00:06'),(699,'login_success','malek','تم تسجيل الدخول بنجاح','::1','2025-06-09 23:10:27'),(700,'loan_success','28','تم طلب الاستعارة بنجاح','::1','2025-06-09 23:13:23'),(701,'login_success','admin','تم تسجيل الدخول بنجاح','127.0.0.1','2025-06-09 23:13:43'),(702,'login_success','admin','تم تسجيل الدخول بنجاح','::1','2025-06-10 08:39:29'),(703,'login_success','test','تم تسجيل الدخول بنجاح','127.0.0.1','2025-06-10 08:41:58'),(704,'loan_success','56','تم طلب الاستعارة بنجاح','127.0.0.1','2025-06-10 08:43:52'),(705,'loan_success','56','تم طلب الاستعارة بنجاح','127.0.0.1','2025-06-10 08:47:10'),(706,'login_success','admin','تم تسجيل الدخول بنجاح','::1','2025-06-10 09:48:25'),(707,'login_success','test','تم تسجيل الدخول بنجاح','::1','2025-06-10 09:48:59'),(708,'login_success','test','تم تسجيل الدخول بنجاح','127.0.0.1','2025-06-10 09:50:59'),(709,'login_success','test','تم تسجيل الدخول بنجاح','::1','2025-06-10 10:30:46'),(710,'login_success','test','تم تسجيل الدخول بنجاح','127.0.0.1','2025-06-10 10:31:05'),(711,'login_success','test','تم تسجيل الدخول بنجاح','127.0.0.1','2025-06-10 10:31:52'),(712,'login_success','test','تم تسجيل الدخول بنجاح','127.0.0.1','2025-06-10 10:33:57'),(713,'login_success','test','تم تسجيل الدخول بنجاح','127.0.0.1','2025-06-10 10:34:07'),(714,'login_success','test','تم تسجيل الدخول بنجاح','127.0.0.1','2025-06-10 10:36:18'),(715,'login_success','test','تم تسجيل الدخول بنجاح','127.0.0.1','2025-06-10 10:39:26'),(716,'login_success','test','تم تسجيل الدخول بنجاح','127.0.0.1','2025-06-10 10:39:58'),(717,'login_success','admin','تم تسجيل الدخول بنجاح','::1','2025-06-10 10:53:11'),(718,'login_success','test','تم تسجيل الدخول بنجاح','127.0.0.1','2025-06-10 13:18:33'),(719,'login_success','test','تم تسجيل الدخول بنجاح','127.0.0.1','2025-06-10 13:38:57'),(720,'login_success','admin','تم تسجيل الدخول بنجاح','::1','2025-06-10 21:00:23'),(721,'login_success','malek','تم تسجيل الدخول بنجاح','::1','2025-06-10 21:01:38'),(722,'login_success','admin','تم تسجيل الدخول بنجاح','::1','2025-06-10 21:08:29'),(723,'login_success','test','تم تسجيل الدخول بنجاح','127.0.0.1','2025-06-10 22:52:41'),(724,'login_success','roaa','تم تسجيل الدخول بنجاح','::1','2025-06-10 23:31:12'),(725,'login_success','malek','تم تسجيل الدخول بنجاح','::1','2025-06-10 23:31:21'),(726,'login_success','admin','تم تسجيل الدخول بنجاح','127.0.0.1','2025-06-10 23:43:03'),(727,'login_success','malek','تم تسجيل الدخول بنجاح','::1','2025-06-11 00:42:42'),(728,'login_success','admin','تم تسجيل الدخول بنجاح','127.0.0.1','2025-06-11 00:43:11'),(729,'login_success','admin','تم تسجيل الدخول بنجاح','127.0.0.1','2025-06-11 02:46:53'),(730,'login_success','malek','تم تسجيل الدخول بنجاح','::1','2025-06-11 03:13:51'),(731,'login_success','test','تم تسجيل الدخول بنجاح','::1','2025-06-11 03:22:17'),(732,'login_failed','test','كلمة المرور خاطئة','::1','2025-06-11 03:26:51'),(733,'login_success','test','تم تسجيل الدخول بنجاح','::1','2025-06-11 03:26:58'),(734,'login_success','qqqq','تم تسجيل الدخول بنجاح','::1','2025-06-11 03:29:32'),(735,'login_success','qqqq','تم تسجيل الدخول بنجاح','::1','2025-06-11 03:46:34'),(736,'login_success','qqqq','تم تسجيل الدخول بنجاح','::1','2025-06-11 03:48:28'),(737,'login_success','qqqq','تم تسجيل الدخول بنجاح','::1','2025-06-11 03:49:01'),(738,'login_failed','qqqq','المستخدم غير موجود','::1','2025-06-11 03:52:16'),(739,'login_failed','qqqq','المستخدم غير موجود','::1','2025-06-11 03:54:52'),(740,'login_success','qq','تم تسجيل الدخول بنجاح','::1','2025-06-11 03:54:59'),(741,'login_success','qq','تم تسجيل الدخول بنجاح','::1','2025-06-11 03:55:51'),(742,'login_success','qq','تم تسجيل الدخول بنجاح','::1','2025-06-11 03:59:42'),(743,'login_success','qq','تم تسجيل الدخول بنجاح','::1','2025-06-11 04:01:27'),(744,'login_success','qq','تم تسجيل الدخول بنجاح','::1','2025-06-11 04:19:31'),(745,'login_failed','qq','المستخدم غير مفعل','::1','2025-06-11 04:40:58'),(746,'login_success','qq','تم تسجيل الدخول بنجاح','::1','2025-06-11 04:41:28'),(747,'login_failed','qq','المستخدم غير مفعل','::1','2025-06-11 04:42:01'),(748,'login_success','admin','تم تسجيل الدخول بنجاح','127.0.0.1','2025-06-11 04:42:40'),(749,'login_success','qq','تم تسجيل الدخول بنجاح','::1','2025-06-11 04:43:15'),(750,'login_failed','qq','المستخدم غير مفعل','::1','2025-06-11 04:46:22'),(751,'login_failed','qq','المستخدم غير مفعل','::1','2025-06-11 04:48:28'),(752,'login_success','qq','تم تسجيل الدخول بنجاح','::1','2025-06-11 04:48:42'),(753,'login_failed','qq','المستخدم غير مفعل','::1','2025-06-11 04:48:58'),(754,'login_success','admin','تم تسجيل الدخول بنجاح','::1','2025-06-11 04:56:10'),(755,'login_success','admin','تم تسجيل الدخول بنجاح','::1','2025-06-11 05:06:42'),(756,'loan_success','5','تم طلب الاستعارة بنجاح','::1','2025-06-11 05:06:54'),(757,'login_success','admin','تم تسجيل الدخول بنجاح','::1','2025-06-11 11:18:25'),(758,'login_success','admin','تم تسجيل الدخول بنجاح','::1','2025-06-11 12:21:10'),(759,'login_success','malek','تم تسجيل الدخول بنجاح','127.0.0.1','2025-06-11 13:25:05'),(760,'book_added_success','تمت إضافة الكتاب بنجاح!','تمت إضافة كتاب بنجاح','::1','2025-06-11 13:36:41'),(761,'book_added_success','Admin','تمت إضافة كتاب بنجاح','::1','2025-06-11 13:40:34'),(762,'purchased_request_success','28','تم طلب شراء كتاب ','127.0.0.1','2025-06-11 13:45:27'),(763,'loan_success','28','تم طلب الاستعارة بنجاح','127.0.0.1','2025-06-11 13:46:56'),(764,'purchased_request_success','malek','تم طلب شراء كتاب ','127.0.0.1','2025-06-11 13:47:03'),(765,'login_success','malek','تم تسجيل الدخول بنجاح','127.0.0.1','2025-06-11 14:14:56'),(766,'login_success','malek','تم تسجيل الدخول بنجاح','127.0.0.1','2025-06-11 14:15:15'),(767,'purchased_request_success','malek','تم طلب شراء كتاب ','127.0.0.1','2025-06-11 14:15:27'),(768,'login_success','malek','تم تسجيل الدخول بنجاح','127.0.0.1','2025-06-11 14:20:13'),(769,'login_success','malek','تم تسجيل الدخول بنجاح','::1','2025-06-11 14:22:45'),(770,'login_success','malek','تم تسجيل الدخول بنجاح','::1','2025-06-11 14:25:44'),(771,'login_success','test','تم تسجيل الدخول بنجاح','::1','2025-06-11 14:30:34'),(772,'login_success','test','تم تسجيل الدخول بنجاح','::1','2025-06-11 15:28:26'),(773,'login_success','malek','تم تسجيل الدخول بنجاح','::1','2025-06-11 15:39:00'),(774,'login_success','malek','تم تسجيل الدخول بنجاح','::1','2025-06-11 15:46:09'),(775,'loan_success','28','تم طلب الاستعارة بنجاح','::1','2025-06-11 15:46:37'),(776,'loan_success','28','تم طلب الاستعارة بنجاح','::1','2025-06-11 15:47:50'),(777,'login_success','admin','تم تسجيل الدخول بنجاح','127.0.0.1','2025-06-11 15:48:29'),(778,'purchased_request_success','malek','تم طلب شراء كتاب ','::1','2025-06-11 15:50:25'),(779,'login_success','malek','تم تسجيل الدخول بنجاح','::1','2025-06-11 16:24:14'),(780,'login_success','malek','تم تسجيل الدخول بنجاح','::1','2025-06-11 16:28:04'),(781,'login_success','malek','تم تسجيل الدخول بنجاح','::1','2025-06-11 16:29:28'),(782,'login_success','malek','تم تسجيل الدخول بنجاح','::1','2025-06-11 16:30:06'),(783,'login_success','rbab','تم تسجيل الدخول بنجاح','::1','2025-06-11 18:16:00'),(784,'login_success','malek','تم تسجيل الدخول بنجاح','::1','2025-06-12 02:57:19'),(785,'login_success','admin','تم تسجيل الدخول بنجاح','127.0.0.1','2025-06-12 03:22:27'),(786,'login_success','malek','تم تسجيل الدخول بنجاح','::1','2025-06-12 03:22:55'),(787,'login_success','admin','تم تسجيل الدخول بنجاح','127.0.0.1','2025-06-12 03:31:56'),(788,'login_success','admin','تم تسجيل الدخول بنجاح','::1','2025-06-12 04:03:55'),(789,'login_success','admin','تم تسجيل الدخول بنجاح','::1','2025-06-12 10:40:43'),(790,'login_success','admin','تم تسجيل الدخول بنجاح','::1','2025-06-12 11:12:35'),(791,'login_success','admin','تم تسجيل الدخول بنجاح','::1','2025-06-12 13:43:51'),(792,'login_success','admin','تم تسجيل الدخول بنجاح','::1','2025-06-12 14:34:02'),(793,'login_success','malek','تم تسجيل الدخول بنجاح','::1','2025-06-12 15:17:05'),(794,'purchased_request_success','malek','تم طلب شراء كتاب ','::1','2025-06-12 15:17:18'),(795,'login_success','admin','تم تسجيل الدخول بنجاح','127.0.0.1','2025-06-12 15:17:53'),(796,'login_success','malek','تم تسجيل الدخول بنجاح','::1','2025-06-12 15:36:55'),(797,'purchased_request_success','malek','تم طلب شراء كتاب ','::1','2025-06-12 15:37:05'),(798,'purchased_request_success','malek','تم طلب شراء كتاب ','::1','2025-06-12 15:38:06'),(799,'login_success','admin','تم تسجيل الدخول بنجاح','::1','2025-06-12 15:41:43'),(800,'login_success','admin','تم تسجيل الدخول بنجاح','127.0.0.1','2025-06-12 16:13:17'),(801,'login_success','malek','تم تسجيل الدخول بنجاح','::1','2025-06-12 17:03:13'),(802,'login_success','admin','تم تسجيل الدخول بنجاح','::1','2025-06-12 18:11:15'),(803,'login_success','admin','تم تسجيل الدخول بنجاح','::1','2025-06-12 19:20:12'),(804,'login_success','admin','تم تسجيل الدخول بنجاح','::1','2025-06-12 21:07:41'),(805,'login_success','malek','تم تسجيل الدخول بنجاح','::1','2025-06-12 21:42:22'),(806,'login_success','malek','تم تسجيل الدخول بنجاح','::1','2025-06-12 23:42:40'),(807,'login_success','admin','تم تسجيل الدخول بنجاح','127.0.0.1','2025-06-12 23:52:47'),(808,'login_success','admin','تم تسجيل الدخول بنجاح','::1','2025-06-13 01:41:52');
/*!40000 ALTER TABLE `activity_logs` ENABLE KEYS */;
UNLOCK TABLES;

--
-- Table structure for table `book_ratings`
--

DROP TABLE IF EXISTS `book_ratings`;
/*!40101 SET @saved_cs_client     = @@character_set_client */;
/*!50503 SET character_set_client = utf8mb4 */;
CREATE TABLE `book_ratings` (
  `id` int NOT NULL AUTO_INCREMENT,
  `user_id` int NOT NULL,
  `book_id` int NOT NULL,
  `request_id` int NOT NULL,
  `rating` tinyint NOT NULL,
  `comment` text,
  `created_at` timestamp NULL DEFAULT CURRENT_TIMESTAMP,
  PRIMARY KEY (`id`),
  KEY `user_id` (`user_id`),
  KEY `book_id` (`book_id`),
  KEY `request_id` (`request_id`),
  CONSTRAINT `book_ratings_ibfk_1` FOREIGN KEY (`user_id`) REFERENCES `users` (`id`),
  CONSTRAINT `book_ratings_ibfk_2` FOREIGN KEY (`book_id`) REFERENCES `books` (`id`),
  CONSTRAINT `book_ratings_ibfk_3` FOREIGN KEY (`request_id`) REFERENCES `borrow_requests` (`id`)
) ENGINE=InnoDB AUTO_INCREMENT=19 DEFAULT CHARSET=utf8mb4 COLLATE=utf8mb4_0900_ai_ci;
/*!40101 SET character_set_client = @saved_cs_client */;

--
-- Dumping data for table `book_ratings`
--

LOCK TABLES `book_ratings` WRITE;
/*!40000 ALTER TABLE `book_ratings` DISABLE KEYS */;
INSERT INTO `book_ratings` VALUES (5,7,13,76,4,'القراءة وعالم الكتب والوعي المبكر لأخي الأكبر وشغفه باقتناء الكتب ومتابعة الدوريات العربية، والقصص المصورة، هو ما فتح لي الباب أولاً لتجربة الكتابة القصصية وإن بصيغة طفولية، كنت أخترع الحكايات','2025-04-19 06:04:39'),(6,16,13,83,3,'انتقلت من الكتابة القصصية التي تطورت إلى كتابة القصة القصيرة، إلى الفن التشكيلي بعد اكتشاف أنني أملك موهبة الرسم، فكان الكتاب أيضاً معيني في هذا المجال، فتطوير حساسيتي الفنية وذائقتي وقدراتي لن تتأتى إلا بالقراءة، وكانت المصادفة أني كن','2025-04-19 13:42:31'),(7,10,13,70,2,'القراءة وعالم الكتب والوعي المبكر لأخي الأكبر وشغفه باقتناء الكتب ومتابعة الدوريات العربية، والقصص المصورة، هو ما فتح لي الباب أولاً لتجربة الكتابة القصصية وإن بصيغة طفولية، كنت أخترع الحكايات','2025-04-19 13:45:05'),(8,12,13,76,1,'القراءة وعالم الكتب والوعي المبكر لأخي الأكبر وشغفه باقتناء الكتب ومتابعة الدوريات العربية، والقصص المصورة، هو ما فتح لي الباب أولاً لتجربة الكتابة القصصية وإن بصيغة طفولية، كنت أخترع الحكايات','2025-04-19 13:46:01'),(9,12,13,76,1,'القراءة وعالم الكتب والوعي المبكر لأخي الأكبر وشغفه باقتناء الكتب ومتابعة الدوريات العربية، والقصص المصورة، هو ما فتح لي الباب أولاً لتجربة الكتابة القصصية وإن بصيغة طفولية، كنت أخترع الحكايات','2025-04-19 13:46:06'),(10,17,13,84,2,'انتقلت من الكتابة القصصية التي تطورت إلى كتابة القصة القصيرة، إلى الفن التشكيلي بعد اكتشاف أنني أملك موهبة الرسم، فكان الكتاب أيضاً معيني في هذا المجال، فتطوير حساسيتي الفنية وذائقتي وقدراتي لن تتأتى إلا بالقراءة، وكانت المصادفة أني كن','2025-04-19 13:47:32'),(11,11,13,85,5,'انتقلت من الكتابة القصصية التي تطورت إلى كتابة القصة القصيرة، إلى الفن التشكيلي بعد اكتشاف أنني أملك موهبة الرسم، فكان الكتاب أيضاً معيني في هذا المجال، فتطوير حساسيتي الفنية وذائقتي وقدراتي لن تتأتى إلا بالقراءة، وكانت المصادفة أني كن','2025-04-19 13:55:17'),(12,7,4,87,3,'انتقلت من الكتابة القصصية التي تطورت إلى كتابة القصة القصيرة، إلى الفن التشكيلي بعد اكتشاف أنني أملك موهبة الرسم، فكان الكتاب أيضاً معيني في هذا المجال، فتطوير حساسيتي الفنية وذائقتي وقدراتي لن تتأتى إلا بالقراءة، وكانت المصادفة أني كن','2025-04-19 21:54:20'),(13,23,14,101,5,'انتقلت من الكتابة القصصية التي تطورت إلى كتابة القصة القصيرة، إلى الفن التشكيلي بعد اكتشاف أنني أملك موهبة الرسم، فكان الكتاب أيضاً معيني في هذا المجال، فتطوير حساسيتي الفنية وذائقتي وقدراتي لن تتأتى إلا بالقراءة، وكانت المصادفة أني كن','2025-04-21 15:07:24'),(14,7,28,122,5,'انتقلت من الكتابة القصصية التي تطورت إلى كتابة القصة القصيرة، إلى الفن التشكيلي بعد اكتشاف أنني أملك موهبة الرسم، فكان الكتاب أيضاً معيني في هذا المجال، فتطوير حساسيتي الفنية وذائقتي وقدراتي لن تتأتى إلا بالقراءة، وكانت المصادفة أني كن','2025-04-27 02:18:02'),(16,27,28,128,4,'ومن هنا وجب على المصمم أن يضع نصوصا مؤقتة على التصميم ليظهر للعميل الشكل كاملاً،دور مولد النص العربى أن يوفر على المصمم عناء البحث عن نص بديل لا علاقة له بالموضوع الذى يتحدث عنه التصميم فيظهر بشكل لا يليق.','2025-04-28 09:46:24'),(17,35,28,163,4,'القراءة وعالم الكتب والوعي المبكر لأخي الأكبر وشغفه باقتناء الكتب ومتابعة الدوريات العربية، والقصص المصورة، هو ما فتح لي الباب أولاً لتجربة الكتابة القصصية وإن بصيغة طفولية، كنت أخترع الحكايات','2025-05-15 11:04:51'),(18,28,25,150,4,'القراءة وعالم الكتب والوعي المبكر لأخي الأكبر وشغفه باقتناء الكتب ومتابعة الدوريات العربية، والقصص المصورة، هو ما فتح لي الباب أولاً لتجربة الكتابة القصصية وإن بصيغة طفولية، كنت أخترع الحكايات','2025-05-17 15:15:13');
/*!40000 ALTER TABLE `book_ratings` ENABLE KEYS */;
UNLOCK TABLES;

--
-- Table structure for table `books`
--

DROP TABLE IF EXISTS `books`;
/*!40101 SET @saved_cs_client     = @@character_set_client */;
/*!50503 SET character_set_client = utf8mb4 */;
CREATE TABLE `books` (
  `id` int NOT NULL AUTO_INCREMENT,
  `title` varchar(100) NOT NULL,
  `author` varchar(100) NOT NULL,
  `type` enum('physical','e-book') CHARACTER SET utf8mb4 COLLATE utf8mb4_0900_ai_ci NOT NULL DEFAULT 'e-book',
  `quantity` int DEFAULT NULL,
  `price` decimal(10,2) NOT NULL,
  `file_path` varchar(100) CHARACTER SET utf8mb4 COLLATE utf8mb4_0900_ai_ci DEFAULT '/var/www/html/lms/assets/aas.jpg',
  `created_at` timestamp NOT NULL DEFAULT CURRENT_TIMESTAMP,
  `cover_image` varchar(255) CHARACTER SET utf8mb4 COLLATE utf8mb4_0900_ai_ci NOT NULL,
  `category_id` int DEFAULT NULL,
  `description` varchar(255) CHARACTER SET utf8mb4 COLLATE utf8mb4_0900_ai_ci DEFAULT NULL,
  `evaluation` decimal(3,0) NOT NULL,
  `material_type` enum('كتاب','مجلة','جريدة') NOT NULL DEFAULT 'كتاب',
  `isbn` varchar(13) DEFAULT NULL COMMENT 'الرقم الدولي المعياري للكتاب (ISBN)',
  `publication_date` date DEFAULT NULL COMMENT 'تاريخ نشر الكتاب',
  `page_count` int DEFAULT NULL COMMENT 'عدد صفحات الكتاب',
  `borrow_fee` decimal(10,2) NOT NULL DEFAULT '5000.00' COMMENT 'رسوم استعارة الكتاب',
  `has_discount` tinyint(1) DEFAULT '0',
  `discount_percentage` int DEFAULT '0',
  `book_of_the_month` tinyint(1) DEFAULT '0' COMMENT '1 يعني كتاب الشهر، 0 غير محدد',
  PRIMARY KEY (`id`),
  UNIQUE KEY `isbn` (`isbn`),
  KEY `fk_category` (`category_id`),
  CONSTRAINT `books_ibfk_1` FOREIGN KEY (`category_id`) REFERENCES `categories` (`category_id`),
  CONSTRAINT `fk_category` FOREIGN KEY (`category_id`) REFERENCES `categories` (`category_id`)
) ENGINE=InnoDB AUTO_INCREMENT=57 DEFAULT CHARSET=utf8mb4 COLLATE=utf8mb4_0900_ai_ci;
/*!40101 SET character_set_client = @saved_cs_client */;

--
-- Dumping data for table `books`
--

LOCK TABLES `books` WRITE;
/*!40000 ALTER TABLE `books` DISABLE KEYS */;
INSERT INTO `books` VALUES (4,'جلسة علاجية','مارك روبنسن','e-book',6,60000.00,'assets/files/6803010f85bf8_20250419044903.pdf','2025-04-03 08:59:31','assets/images/books/680301eddd572_20250419045245.jpeg',1,'إذا كنت تحتاج إلى عدد أكبر من الفقرات يتيح لك مولد النص العربى زيادة عدد الفقرات كما تريد، النص لن يبدو مقسما ولا يحوي أخطاء لغوية، مول',3,'كتاب','','2025-04-09',120,5000.00,1,40,1),(5,'أثر الفراشة','ماتيلدا','physical',50,120000.00,'assets/files/680302b41512a_20250419045604.pdf','2025-04-03 09:02:59','assets/images/books/680302b414f67_20250419045604.jpeg',1,' ا النص وامكانية تغييرة في اي وقت عن طريق ادارة الموقع . يتم اضافة هذا النص كنص تجريبي للمعاينة فقط وهو لا يعبر عن أي موضوع محدد ',4,'مجلة','1254655','2025-04-25',10,5000.00,0,0,0),(9,'مفاتيح العمل','مارتن جوين','physical',20,30000.00,'assets/files/6802b5ba9ad00_20250418232738.pdf','2025-04-04 14:29:00','assets/images/books/680302c990992_20250419045625.jpeg',10,' إذا كنت تحتاج إلى عدد أكبر من الفقرات يتيح لك مولد النص العربى زيادة عددة لتصميم الموقع.',4,'كتاب','4545445','2025-04-24',300,5000.00,1,5,0),(13,'الطيور','مارتن جوين','physical',8,16000.00,'assets/files/680303170f117_20250419045743.pdf','2025-04-04 17:31:17','assets/images/books/680303170f09d_20250419045743.jpeg',16,' يتكلم الكتاب عن انواع الطيور و اشكالها و مناطق تواجدها',4,'كتاب','4544568','2025-02-03',399,5000.00,0,0,0),(14,'الحيوان','الجاحظ','physical',6,25.00,'assets/files/67fec4c8b3005_20250415234248.pdf','2025-04-04 17:31:44','assets/images/books/6803032736d5b_20250419045759.jpeg',2,' hfhgfh',5,'جريدة','777777','2025-04-10',500,5000.00,0,0,0),(18,'نهج الصالحين','سامي يوسف','physical',100,10000.00,'assets/files/6803033dd813c_20250419045821.pdf','2025-04-06 20:14:37','assets/images/books/6803033dd8008_20250419045821.jpeg',21,' جريدة يومية',4,'جريدة','1546425','2025-04-25',10,5000.00,1,10,0),(21,'ماجد','ماجد وحيد','e-book',12,5000.00,'assets/files/680327a8c8b90_20250419073344.pdf','2025-04-19 04:21:32','assets/images/books/680327a8c8ad3_20250419073344.jpeg',2,' هذا النص هو مثال لنص يمكن أن يستبدل في نفس المساحة، لقد تم توليد هذا النص من مولد النص العربى، حيث يمكنك أن تولد مثل هذا النص أو العديد من النصوص الأخرى إضافة إلى زيادة عدد الحروف التى يولدها التطبيق.',3,'جريدة','14521','2025-04-10',10,5000.00,0,0,0),(22,'الحياة','مارك روبنسن','physical',15,5400.00,'assets/files/6803280465bdd_20250419073516.pdf','2025-04-19 04:31:23','assets/images/books/6803280465b61_20250419073516.jpeg',3,'  لثقثقفثقفثقف',3,'كتاب','56789','2025-04-02',10,5000.00,0,0,0),(23,'الامير','ميكافيللي','physical',10,15000.00,'assets/files/680818e418e1d_20250423013204.pdf','2025-04-22 22:32:04','assets/images/books/680818e418c14_20250423013204.jpeg',24,' يشيشسيشسيشسي',3,'كتاب','1212121','2024-01-30',200,5000.00,0,0,0),(24,'اسرار الحياة','جوني ','physical',10,12000.00,'assets/files/680a4d0b78a5d_20250424173907.pdf','2025-04-24 14:39:07','assets/images/books/680a4d0b6eee0_20250424173907.jpeg',2,' يببببلا ىةتوةةس ل',3,'كتاب','123456','2025-04-25',200,5000.00,0,0,0),(25,'الرسالة','مارتن جوين','physical',10,20000.00,'assets/files/680a8acb0586e_20250424220235.pdf','2025-04-24 19:02:35','assets/images/books/680a8acaec531_20250424220234.jpeg',4,' قفغقفغقف',4,'كتاب','25252','2025-04-17',100,5000.00,0,0,0),(26,'ليالي الصحراء','مارك روبنسن','physical',6,10000.00,'assets/files/680a91073fb26_20250424222911.pdf','2025-04-24 19:29:11','assets/images/books/680a91073f992_20250424222911.jpeg',1,'هذا النص يمكن أن يتم تركيبه على أي تصميم دون مشكلة فلن يبدو وكأنه نص منسوخ، غير منظم، غير منسق، أو حتى غير مفهوم. لأنه مازال نصاً بديلاً ومؤقتاً.',4,'كتاب','12345','2025-05-01',300,5000.00,0,0,0),(27,'ألوان و أجواء','عمر أبو ريشة','physical',10,12000.00,'assets/files/680a9276c7baf_20250424223518.pdf','2025-04-24 19:35:18','assets/images/books/680a9276c7b1e_20250424223518.jpeg',1,' لايوجد اي توصيف حاليا',3,'مجلة','15243','2025-04-16',54,5000.00,0,0,0),(28,'جسمك يتذكر ','مارك جونسن','physical',10,12000.00,'assets/files/680a95df02bf9_20250424224951.pdf','2025-04-24 19:49:51','assets/images/books/680a95df02b5b_20250424224951.jpeg',5,' اا',4,'كتاب','11221','2025-04-23',12,5000.00,0,0,0),(29,'الطبيعة','مارك روبنسن','physical',45,7900.00,'assets/files/680a9707794d5_20250424225447.pdf','2025-04-24 19:54:47','assets/images/books/680a970779420_20250424225447.jpeg',5,'هذا النص يمكن أن يتم تركيبه على أي تصميم دون مشكلة فلن يبدو وكأنه نص منسوخ، غير منظم، غير منسق، أو حتى غير مفهوم. لأنه مازال نصاً بديلاً ومؤقتاً.',3,'مجلة','444','2025-04-15',54,5000.00,0,0,0),(30,'البادية','مارك روبنسن','e-book',100,1000.00,'assets/files/680cb72b1b6ae_20250426133627.pdf','2025-04-26 10:36:27','assets/images/books/684572945a596_20250608142300.jpg',2,'  هذا النص هو مثال لنص يمكن أن يستبدل في نفس المساحة، لقد تم توليد هذا النص من مولد النص العربى، حيث يمكنك أن تولد مثل هذا النص أو العديد من النصوص الأخرى إضافة إلى زيادة عدد الحروف التى يولدها التطبيق.',5,'مجلة','124578','2025-04-25',5,5000.00,1,30,0),(31,'الانضباط الذاتي','أحمد سمعان','physical',54,5555.00,'assets/files/680cffab8606f_20250426184547.pdf','2025-04-26 15:45:47','assets/images/books/681a0b7e1413f_20250506161542.jpg',10,' هذا النص يمكن أن يتم تركيبه على أي تصميم دون مشكلة فلن يبدو وكأنه نص منسوخ، غير منظم، غير منسق، أو حتى غير مفهوم. لأنه مازال نصاً بديلاً ومؤقتاً.',4,'كتاب','534534','2025-04-09',20,5000.00,0,0,0),(33,'ماتلاب','ساري مالتن','physical',6,10000.00,'assets/files/682a5d30d0b0d_20250519012032.pdf','2025-05-18 22:20:32','assets/images/books/682a5d30d0a50_20250519012032.jpeg',10,'0',5,'كتاب','95864','2025-05-07',102,5000.00,1,11,0),(34,'عصر الأدلجة','مارك روبنسن','e-book',10,12000.00,'assets/files/684985cad0418_20250611163402.pdf','2025-06-01 22:13:26','assets/images/books/6845726f37ba2_20250608142223.jpeg',13,'ئؤئءؤئءؤئءؤئءؤئءؤ',1,'كتاب','41415','2025-05-14',122,5000.00,0,0,0),(54,'بسيب','سيبسي','e-book',34,34.00,'/var/www/html/lms/assets/files/68495c39896d6_20250611133641.pdf','2025-06-11 10:36:41','assets/images/books/68495c3989584_20250611133641.jpeg',16,'234234',3,'كتاب','343','2025-06-06',343,5000.00,0,0,0),(55,'sdfsdf','sdfsdf','e-book',345,435.00,'/var/www/html/lms/assets/files/68495cb61475c_20250611133846.pdf','2025-06-11 10:38:46','assets/images/books/68495cb6145e2_20250611133846.jpeg',13,'234234',3,'كتاب','345','2025-06-06',345,5000.00,0,0,0),(56,'retert','erter','e-book',45,45.00,'assets/files/684985dba1d08_20250611163419.pdf','2025-06-11 10:40:34','assets/images/books/68495d22dafdc_20250611134034.jpeg',16,'435345',4,'كتاب','45','2025-06-04',45,5000.00,0,0,0);
/*!40000 ALTER TABLE `books` ENABLE KEYS */;
UNLOCK TABLES;

--
-- Table structure for table `borrow_requests`
--

DROP TABLE IF EXISTS `borrow_requests`;
/*!40101 SET @saved_cs_client     = @@character_set_client */;
/*!50503 SET character_set_client = utf8mb4 */;
CREATE TABLE `borrow_requests` (
  `id` int NOT NULL AUTO_INCREMENT,
  `user_id` int DEFAULT NULL,
  `book_id` int DEFAULT NULL,
  `request_date` datetime DEFAULT CURRENT_TIMESTAMP,
  `status` enum('pending','approved','rejected') NOT NULL,
  `processed_at` datetime NOT NULL DEFAULT CURRENT_TIMESTAMP,
  `loan_duration` int NOT NULL DEFAULT '0' COMMENT 'Days',
  `due_date` datetime NOT NULL DEFAULT CURRENT_TIMESTAMP,
  `reading_completed` tinyint(1) NOT NULL DEFAULT '0',
  `type` enum('borrow','purchase','renew',' penalty') CHARACTER SET utf8mb4 COLLATE utf8mb4_0900_ai_ci NOT NULL,
  `amount` decimal(10,2) NOT NULL,
  `renewed` tinyint DEFAULT '0',
  `last_penalty_date` date DEFAULT NULL,
  `total_penalty` decimal(10,2) DEFAULT '0.00',
  PRIMARY KEY (`id`),
  KEY `user_id` (`user_id`),
  KEY `book_id` (`book_id`),
  CONSTRAINT `borrow_requests_ibfk_1` FOREIGN KEY (`user_id`) REFERENCES `users` (`id`),
  CONSTRAINT `borrow_requests_ibfk_2` FOREIGN KEY (`book_id`) REFERENCES `books` (`id`)
) ENGINE=InnoDB AUTO_INCREMENT=229 DEFAULT CHARSET=utf8mb4 COLLATE=utf8mb4_0900_ai_ci;
/*!40101 SET character_set_client = @saved_cs_client */;

--
-- Dumping data for table `borrow_requests`
--

LOCK TABLES `borrow_requests` WRITE;
/*!40000 ALTER TABLE `borrow_requests` DISABLE KEYS */;
INSERT INTO `borrow_requests` VALUES (68,12,13,'2025-04-18 00:21:22','pending','2025-04-18 00:21:22',14,'2025-04-18 00:21:22',0,'borrow',5000.00,0,NULL,0.00),(69,12,18,'2025-04-18 00:28:50','pending','2025-04-18 00:28:50',14,'2025-04-18 00:28:50',0,'borrow',5000.00,0,NULL,0.00),(70,12,9,'2025-04-18 00:37:12','approved','2025-04-18 01:11:39',14,'2025-05-02 01:11:39',0,'borrow',5000.00,0,NULL,0.00),(71,12,14,'2025-04-18 01:12:34','approved','2025-04-18 01:12:48',14,'2025-05-02 01:12:48',0,'borrow',5000.00,0,NULL,0.00),(72,10,9,'2025-04-18 01:18:00','approved','2025-04-18 01:18:18',14,'2025-05-02 01:18:18',0,'borrow',5000.00,0,NULL,0.00),(73,7,9,'2025-04-18 02:16:56','approved','2025-04-18 05:51:54',14,'2025-05-02 05:51:54',0,'borrow',5000.00,0,NULL,0.00),(74,10,13,'2025-04-18 02:21:35','approved','2025-04-18 02:21:55',14,'2025-04-19 21:53:59',1,'purchase',25000.00,0,NULL,0.00),(75,7,14,'2025-04-18 18:47:01','approved','2025-04-26 23:59:19',14,'2025-05-10 23:59:19',0,'borrow',5000.00,0,NULL,0.00),(76,7,13,'2025-04-19 09:03:26','approved','2025-04-19 09:03:56',14,'2025-05-03 09:03:56',0,'borrow',5000.00,0,NULL,0.00),(78,7,21,'2025-04-19 13:42:44','approved','2025-04-19 13:44:10',14,'2025-05-03 13:44:10',0,'borrow',5000.00,0,NULL,0.00),(79,7,13,'2025-04-19 14:34:26','approved','2025-04-19 14:34:48',14,'2025-05-03 14:34:48',0,'borrow',5000.00,0,NULL,0.00),(80,7,14,'2025-04-19 14:37:19','approved','2025-04-19 14:37:39',14,'2025-04-18 14:37:39',0,'borrow',5000.00,0,'2025-04-30',12000.00),(81,7,9,'2025-04-19 14:46:45','approved','2025-04-19 14:50:23',14,'2025-04-21 14:50:23',0,'borrow',5000.00,0,'2025-04-30',9000.00),(82,7,13,'2025-04-19 14:57:17','approved','2025-04-19 14:59:17',14,'2025-04-19 21:57:11',1,'borrow',5000.00,0,NULL,0.00),(83,16,13,'2025-04-19 16:42:00','approved','2025-04-19 16:42:16',14,'2025-05-03 16:42:16',0,'borrow',5000.00,0,NULL,0.00),(84,17,13,'2025-04-19 16:47:00','approved','2025-04-19 16:47:10',14,'2025-05-03 16:47:10',0,'borrow',5000.00,0,NULL,0.00),(85,11,13,'2025-04-19 16:54:47','approved','2025-04-19 16:55:04',14,'2025-05-03 16:55:04',0,'borrow',5000.00,0,NULL,0.00),(87,7,4,'2025-04-19 23:29:59','approved','2025-04-19 23:30:16',14,'2025-04-20 00:59:30',1,'borrow',5000.00,0,NULL,0.00),(88,7,22,'2025-04-20 07:44:42','approved','2025-04-20 07:45:01',14,'2025-05-04 07:45:01',0,'borrow',5000.00,0,NULL,0.00),(89,7,18,'2025-04-20 07:52:09','approved','2025-04-20 07:52:17',14,'2025-05-04 07:52:17',0,'borrow',5000.00,0,NULL,0.00),(90,7,5,'2025-04-20 07:59:31','approved','2025-04-20 08:02:11',14,'2025-05-04 08:02:11',0,'borrow',5000.00,0,NULL,0.00),(91,7,4,'2025-04-20 08:52:02','approved','2025-04-26 23:53:02',14,'2025-05-10 23:53:02',0,'purchase',25000.00,0,NULL,0.00),(92,7,5,'2025-04-20 09:13:02','approved','2025-04-20 09:30:43',14,'2025-05-04 09:30:43',0,'purchase',25000.00,0,NULL,0.00),(93,7,9,'2025-04-20 09:45:23','approved','2025-04-20 09:45:36',14,'2025-05-04 09:45:36',0,'purchase',25000.00,0,NULL,0.00),(94,7,13,'2025-04-20 09:47:23','approved','2025-04-20 10:18:34',14,'2025-05-04 10:18:34',0,'purchase',25000.00,0,NULL,0.00),(95,7,22,'2025-04-20 10:47:10','approved','2025-04-20 10:53:57',14,'2025-05-04 10:53:57',0,'purchase',25000.00,0,NULL,0.00),(96,10,5,'2025-04-21 17:57:37','pending','2025-04-21 17:57:37',14,'2025-04-21 17:57:37',0,'borrow',5000.00,0,NULL,0.00),(97,10,5,'2025-04-21 17:58:15','pending','2025-04-21 17:58:15',14,'2025-04-21 17:58:15',0,'borrow',5000.00,0,NULL,0.00),(98,23,4,'2025-04-21 18:01:14','pending','2025-04-21 18:01:14',14,'2025-04-21 18:01:14',0,'borrow',5000.00,0,NULL,0.00),(99,23,21,'2025-04-21 18:02:21','pending','2025-04-21 18:02:21',14,'2025-04-21 18:02:21',0,'borrow',5000.00,0,NULL,0.00),(100,23,9,'2025-04-21 18:03:26','pending','2025-04-21 18:03:26',14,'2025-04-21 18:03:26',0,'borrow',5000.00,0,NULL,0.00),(101,23,14,'2025-04-21 18:06:06','approved','2025-04-21 18:06:51',14,'2025-04-21 18:07:38',1,'borrow',5000.00,0,NULL,0.00),(112,5,21,'2025-04-22 17:32:52','pending','2025-04-22 17:32:52',14,'2025-04-22 17:32:52',0,'borrow',5000.00,0,NULL,0.00),(113,5,22,'2025-04-22 23:20:45','pending','2025-04-22 23:20:45',14,'2025-04-22 23:20:45',0,'purchase',25000.00,0,NULL,0.00),(114,7,14,'2025-04-22 23:49:58','approved','2025-04-26 23:47:29',14,'2025-05-10 23:47:29',0,'borrow',5000.00,0,NULL,0.00),(115,7,14,'2025-04-23 00:32:46','approved','2025-04-26 23:47:22',14,'2025-05-10 23:47:22',0,'borrow',5000.00,0,NULL,0.00),(116,5,14,'2025-04-23 14:33:14','approved','2025-04-26 23:46:50',14,'2025-05-10 23:46:50',0,'borrow',5000.00,0,NULL,0.00),(118,7,14,'2025-04-23 16:43:15','approved','2025-04-26 23:46:41',14,'2025-05-10 23:46:41',0,'borrow',5000.00,0,NULL,0.00),(119,7,30,'2025-04-27 00:44:52','approved','2025-04-27 00:46:51',14,'2025-05-11 00:46:51',0,'borrow',5000.00,0,NULL,0.00),(120,7,27,'2025-04-27 04:29:58','approved','2025-04-27 04:31:13',14,'2025-05-11 04:31:13',0,'borrow',5000.00,0,NULL,0.00),(121,7,31,'2025-04-29 04:34:36','approved','2025-04-29 08:47:11',14,'2025-05-13 08:47:11',0,'borrow',5000.00,2,NULL,0.00),(122,7,28,'2025-04-27 04:34:44','approved','2025-04-27 05:03:00',14,'2025-04-27 05:18:07',1,'borrow',5000.00,0,NULL,0.00),(123,7,27,'2025-04-27 05:52:05','approved','2025-04-27 05:52:32',14,'2025-05-11 05:52:32',0,'purchase',25000.00,0,NULL,0.00),(128,27,28,'2025-04-28 11:51:18','approved','2025-04-28 11:52:22',14,'2025-04-28 12:48:59',1,'borrow',5000.00,0,NULL,0.00),(129,27,22,'2025-04-28 17:14:18','approved','2025-04-28 17:20:49',14,'2025-05-12 17:20:49',0,'borrow',5000.00,0,NULL,0.00),(130,27,24,'2025-04-28 22:31:36','pending','2025-04-28 22:31:36',0,'2025-04-28 22:31:36',0,'borrow',5000.00,0,NULL,0.00),(131,27,14,'2025-04-28 22:33:37','approved','2025-04-28 22:41:55',14,'2025-05-12 22:41:55',0,'borrow',5000.00,0,NULL,0.00),(132,27,29,'2025-04-28 23:29:15','approved','2025-04-28 23:30:22',14,'2025-05-12 23:30:22',0,'borrow',5000.00,0,NULL,0.00),(133,27,30,'2025-04-29 00:06:40','approved','2025-04-29 01:07:12',14,'2025-05-13 01:07:12',0,'borrow',5000.00,0,NULL,0.00),(134,28,13,'2025-04-29 13:36:03','approved','2025-04-29 13:36:29',14,'2025-04-21 13:36:29',0,'renew',5000.00,1,'2025-04-30',6000.00),(135,28,22,'2025-04-29 12:15:53','approved','2025-04-29 12:16:13',14,'2025-04-28 12:16:13',0,'borrow',5000.00,1,'2025-04-30',2000.00),(136,28,23,'2025-04-29 12:52:54','approved','2025-04-29 12:58:14',14,'2025-04-28 12:58:14',0,'renew',5000.00,2,'2025-04-30',2000.00),(137,28,30,'2025-04-29 11:59:54','approved','2025-04-29 12:00:22',14,'2025-04-25 12:00:22',0,'borrow',5000.00,1,'2025-04-30',5000.00),(138,17,31,'2025-04-29 23:55:11','approved','2025-04-29 23:55:41',14,'2025-04-28 23:55:41',0,'renew',5000.00,2,'2025-04-30',5000.00),(139,17,25,'2025-04-30 00:06:11','approved','2025-04-30 00:06:38',14,'2025-04-29 00:06:38',0,'borrow',5000.00,0,'2025-04-30',1000.00),(141,31,29,'2025-05-03 12:26:22','pending','2025-05-03 12:26:22',0,'2025-05-03 12:26:22',0,'borrow',5000.00,0,NULL,0.00),(142,31,21,'2025-05-03 12:29:02','approved','2025-05-03 12:44:56',14,'2025-05-17 12:44:56',0,'borrow',5000.00,0,NULL,0.00),(143,5,28,'2025-05-06 00:08:20','pending','2025-05-06 00:08:20',0,'2025-05-06 00:08:20',0,'borrow',7000.00,0,NULL,0.00),(144,24,13,'2025-05-06 00:09:35','approved','2025-05-06 00:10:21',14,'2025-05-20 00:10:21',0,'borrow',7000.00,0,NULL,0.00),(145,24,29,'2025-05-06 00:11:15','approved','2025-05-06 12:37:55',14,'2025-05-20 12:37:55',0,'borrow',7000.00,0,NULL,0.00),(146,24,5,'2025-05-06 10:54:58','pending','2025-05-06 10:54:58',0,'2025-05-06 10:54:58',0,'purchase',120000.00,0,NULL,0.00),(147,28,22,'2025-05-06 11:01:11','approved','2025-05-06 11:01:35',14,'2025-05-20 11:01:35',0,'borrow',7000.00,0,NULL,0.00),(148,28,28,'2025-05-06 11:44:48','approved','2025-05-06 11:45:38',14,'2025-05-20 11:45:38',0,'borrow',7000.00,0,NULL,0.00),(149,28,31,'2025-05-06 11:50:11','approved','2025-05-06 11:50:44',14,'2025-05-20 11:50:44',0,'borrow',7000.00,0,NULL,0.00),(150,28,25,'2025-05-06 11:54:19','approved','2025-05-17 18:11:23',14,'2025-05-17 18:15:20',1,'borrow',7000.00,0,NULL,0.00),(152,28,26,'2025-05-06 13:11:49','approved','2025-05-06 13:12:08',14,'2025-05-20 13:12:08',0,'borrow',7000.00,0,NULL,0.00),(154,28,14,'2025-05-06 13:52:43','approved','2025-05-06 13:53:08',14,'2025-05-20 13:53:08',0,'borrow',7000.00,0,NULL,0.00),(155,28,18,'2025-05-06 14:15:15','approved','2025-05-06 14:15:48',1000,'2030-04-17 14:15:48',0,'purchase',10000.00,0,NULL,0.00),(156,28,24,'2025-05-06 15:53:32','approved','2025-05-06 15:54:13',1000,'2028-01-31 15:54:13',0,'purchase',12000.00,0,NULL,0.00),(157,7,28,'2025-05-06 16:02:24','approved','2025-05-06 16:04:34',14,'2025-05-20 16:04:34',0,'borrow',8500.00,0,NULL,0.00),(158,7,13,'2025-05-06 16:21:02','approved','2025-05-06 16:21:47',14,'2025-05-20 16:21:47',0,'borrow',8500.00,0,NULL,0.00),(159,7,24,'2025-05-06 16:33:16','approved','2025-05-06 16:33:39',1000,'2028-01-31 16:33:39',0,'purchase',12000.00,0,NULL,0.00),(160,24,30,'2025-05-08 18:05:36','approved','2025-05-08 18:06:17',1000,'2028-02-02 18:06:17',0,'purchase',1000.00,0,NULL,0.00),(162,24,24,'2025-05-08 18:47:31','approved','2025-05-08 18:47:51',1000,'2028-02-02 18:47:51',0,'purchase',12000.00,0,NULL,0.00),(163,35,28,'2025-05-15 13:46:23','approved','2025-05-15 13:58:49',14,'2025-05-29 13:58:49',0,'borrow',8500.00,0,NULL,0.00),(165,7,33,'2025-05-19 17:15:15','pending','2025-05-19 17:15:15',0,'2025-05-19 17:15:15',0,'borrow',8500.00,0,NULL,0.00),(166,7,31,'2025-05-20 04:51:36','pending','2025-05-20 04:51:36',0,'2025-05-20 04:51:36',0,'purchase',5555.00,0,NULL,0.00),(167,7,28,'2025-05-20 04:58:23','approved','2025-05-20 04:59:18',1000,'2028-02-14 04:59:18',0,'purchase',12000.00,0,NULL,0.00),(168,7,30,'2025-05-20 04:58:23','approved','2025-05-20 05:00:11',1000,'2028-02-14 05:00:11',0,'purchase',1000.00,0,NULL,0.00),(170,7,33,'2025-05-21 18:52:46','pending','2025-05-21 18:52:46',0,'2025-05-21 18:52:46',0,'purchase',10000.00,0,NULL,0.00),(171,7,31,'2025-05-21 18:52:46','pending','2025-05-21 18:52:46',0,'2025-05-21 18:52:46',0,'purchase',5555.00,0,NULL,0.00),(172,7,9,'2025-05-21 18:52:46','pending','2025-05-21 18:52:46',0,'2025-05-21 18:52:46',0,'purchase',30000.00,0,NULL,0.00),(173,5,13,'2025-06-03 02:47:42','pending','2025-06-03 02:47:42',0,'2025-06-03 02:47:42',0,'borrow',8500.00,0,NULL,0.00),(175,7,31,'2025-06-08 19:40:35','approved','2025-06-08 23:47:36',1000,'2028-03-04 23:47:36',0,'purchase',5555.00,0,NULL,0.00),(176,7,33,'2025-06-08 19:43:04','approved','2025-06-08 23:47:21',14,'2025-06-22 23:47:21',0,'borrow',8500.00,0,NULL,0.00),(177,28,33,'2025-06-09 23:13:23','approved','2025-06-09 23:14:10',14,'2025-06-23 23:14:10',0,'borrow',5000.00,0,NULL,0.00),(182,28,33,'2025-06-09 23:40:58','rejected','2025-06-10 00:23:02',0,'2025-06-09 23:40:58',0,'purchase',8900.00,0,NULL,0.00),(183,28,33,'2025-06-09 23:41:24','approved','2025-06-09 23:42:46',1000,'2028-03-05 23:42:46',0,'purchase',8900.00,0,NULL,0.00),(184,28,31,'2025-06-09 23:41:24','approved','2025-06-09 23:42:32',1000,'2028-03-05 23:42:32',0,'purchase',5555.00,0,NULL,0.00),(185,28,30,'2025-06-09 23:44:32','approved','2025-06-09 23:45:07',1000,'2028-03-05 23:45:07',0,'purchase',700.00,0,NULL,0.00),(186,28,30,'2025-06-09 23:47:19','approved','2025-06-09 23:47:49',1000,'2028-03-05 23:47:49',0,'purchase',700.00,0,NULL,0.00),(187,28,18,'2025-06-09 23:47:19','approved','2025-06-09 23:47:39',1000,'2028-03-05 23:47:39',0,'purchase',9000.00,0,NULL,0.00),(188,28,33,'2025-06-10 00:25:21','approved','2025-06-10 00:25:53',1000,'2028-03-06 00:25:53',0,'purchase',8900.00,0,NULL,0.00),(189,28,31,'2025-06-10 00:26:15','rejected','2025-06-10 00:26:27',0,'2025-06-10 00:26:15',0,'purchase',5555.00,0,NULL,0.00),(191,56,33,'2025-06-10 08:47:10','approved','2025-06-10 08:47:38',14,'2025-06-24 08:47:38',0,'borrow',5000.00,0,NULL,0.00),(192,56,34,'2025-06-10 10:35:19','pending','2025-06-10 10:35:19',0,'2025-06-10 10:35:19',0,'purchase',12000.00,0,NULL,0.00),(193,56,30,'2025-06-10 10:35:19','pending','2025-06-10 10:35:19',0,'2025-06-10 10:35:19',0,'purchase',700.00,0,NULL,0.00),(194,56,34,'2025-06-10 10:39:12','pending','2025-06-10 10:39:12',0,'2025-06-10 10:39:12',0,'purchase',12000.00,0,NULL,0.00),(195,56,30,'2025-06-10 10:39:12','pending','2025-06-10 10:39:12',0,'2025-06-10 10:39:12',0,'purchase',700.00,0,NULL,0.00),(196,56,33,'2025-06-10 10:40:03','approved','2025-06-11 03:03:04',1000,'2028-03-07 03:03:04',0,'purchase',8900.00,0,NULL,0.00),(197,56,30,'2025-06-10 10:40:03','pending','2025-06-10 10:40:03',0,'2025-06-10 10:40:03',0,'purchase',700.00,0,NULL,0.00),(198,56,34,'2025-06-10 10:52:59','approved','2025-06-10 10:53:48',1000,'2028-03-06 10:53:48',0,'purchase',12000.00,0,NULL,0.00),(199,56,33,'2025-06-10 10:52:59','rejected','2025-06-10 11:09:20',0,'2025-06-10 10:52:59',0,'purchase',8900.00,0,NULL,0.00),(212,28,33,'2025-06-11 02:58:28','rejected','2025-06-11 03:03:11',0,'2025-06-11 02:58:28',0,'purchase',8900.00,0,NULL,0.00),(213,28,30,'2025-06-11 02:58:28','approved','2025-06-11 02:59:35',1000,'2028-03-07 02:59:35',0,'purchase',700.00,0,NULL,0.00),(214,28,29,'2025-06-11 02:58:28','approved','2025-06-11 02:59:11',1000,'2028-03-07 02:59:11',0,'purchase',7900.00,0,NULL,0.00),(215,5,30,'2025-06-11 05:06:54','rejected','2025-06-11 13:18:00',0,'2025-06-11 05:06:54',0,'borrow',5000.00,0,NULL,0.00),(216,5,29,'2025-06-11 05:07:31','approved','2025-06-11 13:18:09',1000,'2028-03-07 13:18:09',0,'purchase',7900.00,0,NULL,0.00),(217,5,30,'2025-06-11 05:07:31','rejected','2025-06-11 13:18:05',0,'2025-06-11 05:07:31',0,'purchase',700.00,0,NULL,0.00),(223,28,56,'2025-06-11 15:47:50','approved','2025-06-11 15:50:07',14,'2025-06-25 15:50:07',0,'borrow',5000.00,0,NULL,0.00),(224,28,55,'2025-06-11 15:50:25','approved','2025-06-11 15:50:43',1000,'2028-03-07 15:50:43',0,'purchase',435.00,0,NULL,0.00),(225,28,13,'2025-06-12 15:17:18','approved','2025-06-12 15:18:02',1000,'2028-03-08 15:18:02',0,'purchase',16000.00,0,NULL,0.00),(226,28,56,'2025-06-12 15:37:05','pending','2025-06-12 15:37:05',0,'2025-06-12 15:37:05',0,'purchase',45.00,0,NULL,0.00),(227,28,56,'2025-06-12 15:38:06','pending','2025-06-12 15:38:06',0,'2025-06-12 15:38:06',0,'purchase',45.00,0,NULL,0.00),(228,28,55,'2025-06-12 15:38:06','pending','2025-06-12 15:38:06',0,'2025-06-12 15:38:06',0,'purchase',435.00,0,NULL,0.00);
/*!40000 ALTER TABLE `borrow_requests` ENABLE KEYS */;
UNLOCK TABLES;

--
-- Table structure for table `categories`
--

DROP TABLE IF EXISTS `categories`;
/*!40101 SET @saved_cs_client     = @@character_set_client */;
/*!50503 SET character_set_client = utf8mb4 */;
CREATE TABLE `categories` (
  `category_id` int NOT NULL AUTO_INCREMENT,
  `category_name` varchar(50) NOT NULL,
  PRIMARY KEY (`category_id`),
  UNIQUE KEY `category_name` (`category_name`)
) ENGINE=InnoDB AUTO_INCREMENT=121 DEFAULT CHARSET=utf8mb4 COLLATE=utf8mb4_0900_ai_ci;
/*!40101 SET character_set_client = @saved_cs_client */;

--
-- Dumping data for table `categories`
--

LOCK TABLES `categories` WRITE;
/*!40000 ALTER TABLE `categories` DISABLE KEYS */;
INSERT INTO `categories` VALUES (10,'أقتصاد'),(21,'إسلامية'),(4,'برمجة'),(3,'تاريخية'),(29,'تسالي'),(24,'خرافات'),(5,'ذكاء صنعي'),(1,'روايات'),(6,'رياضيات'),(13,'سياسة'),(2,'علمية'),(16,'علوم'),(8,'قصص قصيرة'),(20,'كيمياء');
/*!40000 ALTER TABLE `categories` ENABLE KEYS */;
UNLOCK TABLES;

--
-- Table structure for table `complaints`
--

DROP TABLE IF EXISTS `complaints`;
/*!40101 SET @saved_cs_client     = @@character_set_client */;
/*!50503 SET character_set_client = utf8mb4 */;
CREATE TABLE `complaints` (
  `id` int NOT NULL AUTO_INCREMENT,
  `email` varchar(255) NOT NULL,
  `complaint_type` varchar(50) NOT NULL,
  `problem_type` varchar(50) DEFAULT NULL,
  `complaint` text NOT NULL,
  `additional_data` text,
  `created_at` datetime NOT NULL,
  `status` enum('pending','resolved') DEFAULT 'pending',
  PRIMARY KEY (`id`)
) ENGINE=InnoDB AUTO_INCREMENT=18 DEFAULT CHARSET=utf8mb4 COLLATE=utf8mb4_0900_ai_ci;
/*!40101 SET character_set_client = @saved_cs_client */;

--
-- Dumping data for table `complaints`
--

LOCK TABLES `complaints` WRITE;
/*!40000 ALTER TABLE `complaints` DISABLE KEYS */;
INSERT INTO `complaints` VALUES (6,'eng.r.khaddour@gmail.com','book','','سيبسيبسيبسيبببرءؤرفواتنبﻻى','{\"book_title\":\"هرمز\",\"book_author\":\"ربيع قدور\",\"isbn\":\"12112121\"}','2025-06-07 10:15:17','resolved'),(7,'eng.r.khaddour@gmail.com','borrow','','بتت','{\"borrowed_book\":\"جوجو\",\"borrow_date\":\"2025-06-03\",\"due_date\":\"2025-06-25\"}','2025-06-07 10:18:30','resolved'),(12,'eng.r.khaddour@gmail.com','account','undefined','بعد الانتشار الكبير للحواسيب الثابتة والمحمولة وبعد انتشار الكثير من مواقع التواصل الاجتماعي مثل الفيسبوك، وتحولها إلى جزء لا يتجزأ من حياة الإنسان، أصبح لزامًا على مستخدمي الحواسيب عمومًا والإنترنت خصوصًا التعود على الكتابة ا','{\"account_issue_type\":\"creation\",\"last_success_login\":\"\"}','2025-06-07 17:18:25','resolved'),(13,'eng.r.khaddour@gmail.com','payment','','بعد الانتشار الكبير للحواسيب الثابتة والمحمولة وبعد انتشار الكثير من مواقع التواصل الاجتماعي مثل الفيسبوك، وتحولها إلى جزء لا يتجزأ من حياة الإنسان، أصبح لزامًا على مستخدمي الحواسيب عمومًا والإنترنت خصوصًا التعود على الكتابة ا','{\"transaction_id\":\"111112322334556\",\"payment_method\":\"paypal\",\"amount\":\"21000\"}','2025-06-07 17:18:49','resolved'),(14,'test@test.com','account','undefined','لا يمكن تسجيل حساب','{\"account_issue_type\":\"creation\",\"last_success_login\":\"\"}','2025-06-10 08:38:38','resolved'),(15,'malek@g.c','account','undefined','sfgfdgdfg','{\"account_issue_type\":\"activation\",\"last_success_login\":\"2025-06-03\"}','2025-06-11 00:42:56','resolved'),(16,'malek@g.c','payment','','hfghfghfh','{\"transaction_id\":\"45645\",\"payment_method\":\"credit_card\",\"amount\":\"565656\"}','2025-06-11 00:47:25','resolved'),(17,'malek@g.c','account','undefined','rtyrtyryry','{\"account_issue_type\":\"update\",\"last_success_login\":\"2025-06-04\"}','2025-06-11 00:47:42','pending');
/*!40000 ALTER TABLE `complaints` ENABLE KEYS */;
UNLOCK TABLES;

--
-- Table structure for table `favorite_books`
--

DROP TABLE IF EXISTS `favorite_books`;
/*!40101 SET @saved_cs_client     = @@character_set_client */;
/*!50503 SET character_set_client = utf8mb4 */;
CREATE TABLE `favorite_books` (
  `user_id` int NOT NULL,
  `book_id` int NOT NULL,
  `created_at` timestamp NULL DEFAULT CURRENT_TIMESTAMP,
  PRIMARY KEY (`user_id`,`book_id`),
  KEY `book_id` (`book_id`),
  CONSTRAINT `favorite_books_ibfk_1` FOREIGN KEY (`user_id`) REFERENCES `users` (`id`),
  CONSTRAINT `favorite_books_ibfk_2` FOREIGN KEY (`book_id`) REFERENCES `books` (`id`)
) ENGINE=InnoDB DEFAULT CHARSET=utf8mb4 COLLATE=utf8mb4_0900_ai_ci;
/*!40101 SET character_set_client = @saved_cs_client */;

--
-- Dumping data for table `favorite_books`
--

LOCK TABLES `favorite_books` WRITE;
/*!40000 ALTER TABLE `favorite_books` DISABLE KEYS */;
INSERT INTO `favorite_books` VALUES (5,30,'2025-06-11 02:07:08'),(5,31,'2025-06-10 18:01:11'),(5,34,'2025-06-10 06:48:31'),(5,54,'2025-06-12 08:12:42'),(5,55,'2025-06-12 07:56:18'),(5,56,'2025-06-12 11:30:01'),(7,9,'2025-05-19 17:23:53'),(7,28,'2025-05-19 17:23:47'),(28,30,'2025-06-12 18:50:44'),(28,33,'2025-06-09 20:10:36'),(28,34,'2025-06-12 18:50:25'),(28,55,'2025-06-12 18:42:27'),(28,56,'2025-06-11 12:46:28'),(56,33,'2025-06-10 05:42:24');
/*!40000 ALTER TABLE `favorite_books` ENABLE KEYS */;
UNLOCK TABLES;

--
-- Table structure for table `group_books`
--

DROP TABLE IF EXISTS `group_books`;
/*!40101 SET @saved_cs_client     = @@character_set_client */;
/*!50503 SET character_set_client = utf8mb4 */;
CREATE TABLE `group_books` (
  `book_id` int NOT NULL AUTO_INCREMENT,
  `group_id` int NOT NULL,
  `book_link` varchar(255) NOT NULL,
  `added_by` int NOT NULL,
  `added_at` timestamp NULL DEFAULT CURRENT_TIMESTAMP,
  PRIMARY KEY (`book_id`),
  KEY `added_by` (`added_by`),
  KEY `fk_group_books` (`group_id`),
  CONSTRAINT `fk_group_books` FOREIGN KEY (`group_id`) REFERENCES `users_groups` (`group_id`) ON DELETE CASCADE,
  CONSTRAINT `group_books_ibfk_1` FOREIGN KEY (`group_id`) REFERENCES `users_groups` (`group_id`),
  CONSTRAINT `group_books_ibfk_2` FOREIGN KEY (`added_by`) REFERENCES `users` (`id`)
) ENGINE=InnoDB AUTO_INCREMENT=4 DEFAULT CHARSET=utf8mb4 COLLATE=utf8mb4_0900_ai_ci;
/*!40101 SET character_set_client = @saved_cs_client */;

--
-- Dumping data for table `group_books`
--

LOCK TABLES `group_books` WRITE;
/*!40000 ALTER TABLE `group_books` DISABLE KEYS */;
INSERT INTO `group_books` VALUES (1,6,'http://www.dd.cc',7,'2025-04-15 17:32:41'),(2,17,'http://fgfgf.com',7,'2025-04-16 09:05:06'),(3,18,'http://ghghhg.com',7,'2025-04-17 12:35:33');
/*!40000 ALTER TABLE `group_books` ENABLE KEYS */;
UNLOCK TABLES;

--
-- Table structure for table `group_members`
--

DROP TABLE IF EXISTS `group_members`;
/*!40101 SET @saved_cs_client     = @@character_set_client */;
/*!50503 SET character_set_client = utf8mb4 */;
CREATE TABLE `group_members` (
  `member_id` int NOT NULL AUTO_INCREMENT,
  `group_id` int NOT NULL,
  `user_id` int NOT NULL,
  `joined_at` datetime DEFAULT CURRENT_TIMESTAMP,
  PRIMARY KEY (`member_id`),
  KEY `user_id` (`user_id`),
  KEY `fk_group` (`group_id`),
  CONSTRAINT `fk_group` FOREIGN KEY (`group_id`) REFERENCES `users_groups` (`group_id`) ON DELETE CASCADE,
  CONSTRAINT `group_members_ibfk_1` FOREIGN KEY (`group_id`) REFERENCES `users_groups` (`group_id`),
  CONSTRAINT `group_members_ibfk_2` FOREIGN KEY (`user_id`) REFERENCES `users` (`id`)
) ENGINE=InnoDB AUTO_INCREMENT=61 DEFAULT CHARSET=utf8mb4 COLLATE=utf8mb4_0900_ai_ci;
/*!40101 SET character_set_client = @saved_cs_client */;

--
-- Dumping data for table `group_members`
--

LOCK TABLES `group_members` WRITE;
/*!40000 ALTER TABLE `group_members` DISABLE KEYS */;
INSERT INTO `group_members` VALUES (29,6,7,'2025-04-15 17:13:30'),(30,7,7,'2025-04-15 17:13:39'),(32,9,7,'2025-04-15 19:36:54'),(38,13,7,'2025-04-15 20:02:50'),(39,13,5,'2025-04-15 20:03:26'),(40,14,7,'2025-04-15 20:12:20'),(41,15,7,'2025-04-15 20:28:54'),(42,15,5,'2025-04-15 20:29:14'),(43,14,5,'2025-04-15 20:30:38'),(44,16,5,'2025-04-15 20:30:56'),(47,17,7,'2025-04-16 12:04:07'),(49,18,7,'2025-04-17 15:34:42'),(53,6,24,'2025-04-27 22:35:18'),(54,22,24,'2025-04-27 22:36:02'),(58,26,24,'2025-05-17 21:13:11'),(60,27,41,'2025-06-05 14:56:56');
/*!40000 ALTER TABLE `group_members` ENABLE KEYS */;
UNLOCK TABLES;

--
-- Table structure for table `join_requests`
--

DROP TABLE IF EXISTS `join_requests`;
/*!40101 SET @saved_cs_client     = @@character_set_client */;
/*!50503 SET character_set_client = utf8mb4 */;
CREATE TABLE `join_requests` (
  `request_id` int NOT NULL AUTO_INCREMENT,
  `group_id` int NOT NULL,
  `user_id` int NOT NULL,
  `status` enum('pending','approved','rejected') DEFAULT 'pending',
  `created_at` timestamp NULL DEFAULT CURRENT_TIMESTAMP,
  PRIMARY KEY (`request_id`),
  KEY `user_id` (`user_id`),
  KEY `fk_join_requests` (`group_id`),
  CONSTRAINT `fk_join_requests` FOREIGN KEY (`group_id`) REFERENCES `users_groups` (`group_id`) ON DELETE CASCADE,
  CONSTRAINT `join_requests_ibfk_1` FOREIGN KEY (`group_id`) REFERENCES `users_groups` (`group_id`),
  CONSTRAINT `join_requests_ibfk_2` FOREIGN KEY (`user_id`) REFERENCES `users` (`id`)
) ENGINE=InnoDB AUTO_INCREMENT=24 DEFAULT CHARSET=utf8mb4 COLLATE=utf8mb4_0900_ai_ci;
/*!40101 SET character_set_client = @saved_cs_client */;

--
-- Dumping data for table `join_requests`
--

LOCK TABLES `join_requests` WRITE;
/*!40000 ALTER TABLE `join_requests` DISABLE KEYS */;
INSERT INTO `join_requests` VALUES (12,13,5,'approved','2025-04-15 17:03:05'),(13,14,5,'approved','2025-04-15 17:14:56'),(14,15,5,'approved','2025-04-15 17:29:01'),(15,16,7,'approved','2025-04-15 17:31:05'),(16,6,5,'approved','2025-04-15 17:33:28'),(17,9,5,'approved','2025-04-15 19:27:15'),(18,17,5,'approved','2025-04-16 09:06:21'),(19,6,10,'pending','2025-04-19 17:28:01'),(20,9,10,'pending','2025-04-19 17:28:12'),(21,6,24,'approved','2025-04-27 19:35:06'),(22,9,5,'pending','2025-05-17 18:22:52'),(23,26,35,'pending','2025-05-21 15:59:19');
/*!40000 ALTER TABLE `join_requests` ENABLE KEYS */;
UNLOCK TABLES;

--
-- Table structure for table `messages`
--

DROP TABLE IF EXISTS `messages`;
/*!40101 SET @saved_cs_client     = @@character_set_client */;
/*!50503 SET character_set_client = utf8mb4 */;
CREATE TABLE `messages` (
  `id` int NOT NULL AUTO_INCREMENT,
  `user_id` int NOT NULL,
  `subject` varchar(255) NOT NULL,
  `message` text NOT NULL,
  `is_read` tinyint(1) DEFAULT '0',
  `created_at` timestamp NULL DEFAULT CURRENT_TIMESTAMP,
  PRIMARY KEY (`id`),
  KEY `user_id` (`user_id`),
  CONSTRAINT `messages_ibfk_1` FOREIGN KEY (`user_id`) REFERENCES `users` (`id`) ON DELETE CASCADE
) ENGINE=InnoDB AUTO_INCREMENT=4 DEFAULT CHARSET=utf8mb4 COLLATE=utf8mb4_0900_ai_ci;
/*!40101 SET character_set_client = @saved_cs_client */;

--
-- Dumping data for table `messages`
--

LOCK TABLES `messages` WRITE;
/*!40000 ALTER TABLE `messages` DISABLE KEYS */;
INSERT INTO `messages` VALUES (1,54,'مرحباً بك في نظامنا!','عزيزي <br><br>تم إنشاء حسابك بنجاح.<br>كلمة المرور الخاصة بك هي: <strong>123123</strong><br><br>ننصحك بتغيير كلمة المرور بعد تسجيل الدخول.<br><br>شكراً لانضمامك.',0,'2025-06-07 16:27:29'),(3,56,'مرحباً بك في نظامنا!','عزيزي <br><br>تم إنشاء حسابك بنجاح.<br>كلمة المرور الخاصة بك هي: <strong>test</strong><br><br>ننصحك بتغيير كلمة المرور بعد تسجيل الدخول.<br><br>شكراً لانضمامك.',0,'2025-06-10 05:40:41');
/*!40000 ALTER TABLE `messages` ENABLE KEYS */;
UNLOCK TABLES;

--
-- Table structure for table `news_ticker`
--

DROP TABLE IF EXISTS `news_ticker`;
/*!40101 SET @saved_cs_client     = @@character_set_client */;
/*!50503 SET character_set_client = utf8mb4 */;
CREATE TABLE `news_ticker` (
  `id` int NOT NULL AUTO_INCREMENT,
  `content` text NOT NULL,
  `is_active` tinyint(1) DEFAULT '1',
  `created_at` timestamp NULL DEFAULT CURRENT_TIMESTAMP,
  PRIMARY KEY (`id`)
) ENGINE=InnoDB AUTO_INCREMENT=9 DEFAULT CHARSET=utf8mb4 COLLATE=utf8mb4_0900_ai_ci;
/*!40101 SET character_set_client = @saved_cs_client */;

--
-- Dumping data for table `news_ticker`
--

LOCK TABLES `news_ticker` WRITE;
/*!40000 ALTER TABLE `news_ticker` DISABLE KEYS */;
INSERT INTO `news_ticker` VALUES (1,'انتظرونا قريبا .. أكبر مكتبة الكترونية عربية',1,'2025-04-25 21:06:40'),(3,'انتهاء ثالث جولة من المفاوضات النووية.. والاتفاق على الرابعة',1,'2025-04-26 15:26:00');
/*!40000 ALTER TABLE `news_ticker` ENABLE KEYS */;
UNLOCK TABLES;

--
-- Table structure for table `notifications`
--

DROP TABLE IF EXISTS `notifications`;
/*!40101 SET @saved_cs_client     = @@character_set_client */;
/*!50503 SET character_set_client = utf8mb4 */;
CREATE TABLE `notifications` (
  `notification_id` int NOT NULL AUTO_INCREMENT,
  `user_id` int NOT NULL,
  `message` text NOT NULL,
  `link` varchar(255) DEFAULT NULL,
  `request_id` int DEFAULT NULL,
  `created_at` datetime DEFAULT CURRENT_TIMESTAMP,
  `expires_at` datetime DEFAULT NULL,
  `is_read` tinyint DEFAULT '0',
  `link_read` tinyint(1) DEFAULT '0' COMMENT '0: غير مقروء، 1: مقروء',
  PRIMARY KEY (`notification_id`),
  KEY `user_id` (`user_id`),
  CONSTRAINT `notifications_ibfk_1` FOREIGN KEY (`user_id`) REFERENCES `users` (`id`)
) ENGINE=InnoDB AUTO_INCREMENT=387 DEFAULT CHARSET=utf8mb4 COLLATE=utf8mb4_0900_ai_ci;
/*!40101 SET character_set_client = @saved_cs_client */;

--
-- Dumping data for table `notifications`
--

LOCK TABLES `notifications` WRITE;
/*!40000 ALTER TABLE `notifications` DISABLE KEYS */;
INSERT INTO `notifications` VALUES (74,12,'يمكنك تصفح كتاب كتاب تجريبي على الرابط التالي','http://localhost/autolibrary/read_book.php?request_id=70',NULL,'2025-04-18 01:11:39',NULL,0,0),(75,12,'يمكنك تصفح كتاب الحيوان على الرابط التالي','http://localhost/autolibrary/read_book.php?request_id=71',NULL,'2025-04-18 01:12:48',NULL,0,0),(76,10,'تم شحن 25,000.00 ليرة بنجاح','http://localhost/autolibrary/user/dashboard.php',NULL,'2025-04-18 01:17:39',NULL,0,0),(77,10,'يمكنك تصفح كتاب كتاب تجريبي على الرابط التالي','http://localhost/autolibrary/read_book.php?request_id=72',NULL,'2025-04-18 01:18:18',NULL,0,0),(78,10,'تم شحن 25,000.00 ليرة بنجاح','http://localhost/autolibrary/user/dashboard.php',NULL,'2025-04-18 01:19:31',NULL,0,0),(79,7,'تم شحن 25,000.00 ليرة بنجاح','http://localhost/autolibrary/user/dashboard.php',NULL,'2025-04-18 01:42:43',NULL,1,0),(80,10,'يمكنك تصفح كتاب الطيور على الرابط التالي','http://localhost/autolibrary/read_book.php?request_id=74',NULL,'2025-04-18 02:21:55',NULL,0,0),(81,7,'يمكنك تصفح كتاب كتاب تجريبي على الرابط التالي','http://localhost/autolibrary/read_book.php?request_id=73',NULL,'2025-04-18 05:51:54',NULL,1,0),(82,7,'يمكنك تصفح كتاب الطيور على الرابط التالي','http://localhost/autolibrary/read_book.php?request_id=76',NULL,'2025-04-19 09:03:56',NULL,1,0),(83,17,'تم شحن 25,000.00 ليرة بنجاح','http://localhost/autolibrary/user/dashboard.php',NULL,'2025-04-19 10:16:26',NULL,1,0),(84,7,'تم شحن 25,000.00 ليرة بنجاح','http://localhost/autolibrary/user/dashboard.php',NULL,'2025-04-19 13:43:06',NULL,1,0),(85,7,'يمكنك تصفح كتاب ماجد على الرابط التالي','http://localhost/autolibrary/read_book.php?request_id=78',NULL,'2025-04-19 13:44:10',NULL,1,0),(86,7,'يمكنك تصفح كتاب الطيور على الرابط التالي','http://localhost/autolibrary/Forum/read_book.php?request_id=79',NULL,'2025-04-19 14:34:48',NULL,1,0),(87,7,'يمكنك تصفح كتاب الحيوان على الرابط التالي','http://localhost/autolibrary/Forum/read_book.php?request_id=80',NULL,'2025-04-19 14:37:39',NULL,1,0),(88,7,'يمكنك تصفح كتاب كتاب تجريبي على الرابط التالي','http://localhost/autolibrary/Forum/read_book.php?request_id=81',NULL,'2025-04-19 14:50:23',NULL,1,0),(89,7,'يمكنك تصفح كتاب الطيور على الرابط التالي','http://localhost/autolibrary/read_book.php?request_id=82',NULL,'2025-04-19 14:59:17',NULL,1,0),(90,16,'تم شحن 25,000.00 ليرة بنجاح','http://localhost/autolibrary/user/dashboard.php',NULL,'2025-04-19 16:41:49',NULL,0,0),(91,16,'يمكنك تصفح كتاب الطيور على الرابط التالي','http://localhost/autolibrary/read_book.php?request_id=83',NULL,'2025-04-19 16:42:16',NULL,0,0),(92,17,'يمكنك تصفح كتاب الطيور على الرابط التالي','http://localhost/autolibrary/read_book.php?request_id=84',NULL,'2025-04-19 16:47:10',NULL,1,0),(93,11,'تم شحن 25,000.00 ليرة بنجاح','http://localhost/autolibrary/user/dashboard.php',NULL,'2025-04-19 16:54:39',NULL,0,0),(94,11,'يمكنك تصفح كتاب الطيور على الرابط التالي','http://localhost/autolibrary/read_book.php?request_id=85',NULL,'2025-04-19 16:55:04',NULL,0,0),(95,7,'يمكنك تصفح كتاب عالمي على الرابط التالي','http://localhost/autolibrary/read_book.php?request_id=87',NULL,'2025-04-19 23:30:16',NULL,1,1),(96,7,'تم شحن 25,000.00 ليرة بنجاح','http://localhost/autolibrary/user/dashboard.php',NULL,'2025-04-20 07:17:29',NULL,1,0),(97,7,'تم شحن 25,000.00 ليرة بنجاح','http://localhost/autolibrary/user/dashboard.php',NULL,'2025-04-20 07:18:11',NULL,1,0),(98,7,'تم شحن 25,000.00 ليرة بنجاح','http://localhost/autolibrary/user/dashboard.php',NULL,'2025-04-20 07:29:43',NULL,1,0),(99,7,'تم شحن 25,000.00 ليرة بنجاح','http://localhost/autolibrary/user/dashboard.php',NULL,'2025-04-20 07:38:08',NULL,1,0),(100,7,'تم شحن 25,000.00 ليرة بنجاح','http://localhost/autolibrary/user/dashboard.php',NULL,'2025-04-20 07:42:56',NULL,1,0),(101,7,'يمكنك تصفح كتاب الحياة على الرابط التالي','http://localhost/autolibrary/read_book.php?request_id=88',NULL,'2025-04-20 07:45:01',NULL,1,0),(102,7,'يمكنك تصفح كتاب نهج الصالحين على الرابط التالي','http://localhost/autolibrary/read_book.php?request_id=89',NULL,'2025-04-20 07:52:17',NULL,1,0),(103,7,'يمكنك تصفح كتاب أثر الفراشة على الرابط التالي','http://localhost/autolibrary/read_book.php?request_id=90',NULL,'2025-04-20 08:02:11',NULL,1,0),(104,7,'تم شحن 25,000.00 ليرة بنجاح','http://localhost/autolibrary/user/dashboard.php',NULL,'2025-04-20 08:24:13',NULL,1,0),(105,7,'تم شحن 25,000.00 ليرة بنجاح','http://localhost/autolibrary/user/dashboard.php',NULL,'2025-04-20 09:26:58',NULL,1,0),(106,7,'تم شحن 25,000.00 ليرة بنجاح','http://localhost/autolibrary/user/dashboard.php',NULL,'2025-04-20 09:29:23',NULL,1,0),(107,7,'تم شحن 25,000.00 ليرة بنجاح','http://localhost/autolibrary/user/dashboard.php',NULL,'2025-04-20 09:29:38',NULL,1,0),(108,7,'يمكنك تصفح كتاب أثر الفراشة على الرابط التالي','http://localhost/autolibrary/read_book.php?request_id=92',NULL,'2025-04-20 09:30:43',NULL,1,0),(109,7,'تم شحن 25,000.00 ليرة بنجاح','http://localhost/autolibrary/user/dashboard.php',NULL,'2025-04-20 09:41:53',NULL,1,0),(110,7,'يمكنك تصفح كتاب كتاب تجريبي على الرابط التالي','http://localhost/autolibrary/read_book.php?request_id=93',NULL,'2025-04-20 09:45:36',NULL,1,0),(111,7,'تم شحن 25,000.00 ليرة بنجاح','http://localhost/autolibrary/user/dashboard.php',NULL,'2025-04-20 09:46:17',NULL,1,0),(112,7,'يمكنك تصفح كتاب الطيور على الرابط التالي','http://localhost/autolibrary/read_book.php?request_id=94',NULL,'2025-04-20 10:18:34',NULL,1,0),(113,7,'تم شحن 25,000.00 ليرة بنجاح','http://localhost/autolibrary/user/dashboard.php',NULL,'2025-04-20 10:46:29',NULL,1,0),(114,7,'يمكنك تصفح كتاب الحياة على الرابط التالي','http://localhost/autolibrary/read_book.php?request_id=95',NULL,'2025-04-20 10:53:57',NULL,1,0),(116,5,'طلب جديد: استعارة كتاب','http://localhost/autolibrary/admin/manage_loan.php',NULL,'2025-04-21 17:57:38','2025-04-22 17:57:38',1,0),(117,23,'تم شحن 25,000.00 ليرة بنجاح','http://localhost/autolibrary/user/dashboard.php',NULL,'2025-04-21 18:01:06',NULL,0,0),(118,5,'طلب جديد: استعارة كتاب','http://localhost/autolibrary/admin/manage_loan.php',NULL,'2025-04-21 18:06:06','2025-04-22 18:06:06',1,0),(119,23,'يمكنك تصفح كتاب الحيوان على الرابط التالي','http://localhost/autolibrary/read_book.php?request_id=101',NULL,'2025-04-21 18:06:51',NULL,0,1),(120,24,'تم شحن 25,000.00 ليرة بنجاح','http://localhost/autolibrary/user/dashboard.php',NULL,'2025-04-22 09:01:57',NULL,1,0),(130,5,'طلب جديد: استعارة كتاب','http://localhost/autolibrary/admin/manage_loan.php',112,'2025-04-22 17:32:52','2025-04-23 17:32:52',1,0),(131,5,'طلب جديد: شراء كتاب','http://localhost/autolibrary/admin/manage_loan.php',113,'2025-04-22 23:20:46','2025-04-23 23:20:46',1,0),(132,5,'طلب جديد: استعارة كتاب','http://localhost/autolibrary/admin/manage_loan.php',114,'2025-04-22 23:49:58','2025-04-23 23:49:58',1,0),(133,5,'طلب جديد: استعارة كتاب','http://localhost/autolibrary/admin/manage_loan.php',115,'2025-04-23 00:32:47','2025-04-24 00:32:47',1,0),(134,5,'طلب جديد: استعارة كتاب','http://localhost/autolibrary/admin/manage_loan.php',116,'2025-04-23 14:33:14','2025-04-24 14:33:14',1,0),(135,24,'تم شحن 25,000.00 ليرة بنجاح','http://localhost/autolibrary/user/dashboard.php',NULL,'2025-04-23 14:42:05',NULL,1,0),(137,5,'طلب جديد: استعارة كتاب','http://localhost/autolibrary/admin/manage_loan.php',118,'2025-04-23 16:43:15','2025-04-24 16:43:15',0,0),(138,7,'تم شحن 25,000.00 ليرة بنجاح','http://localhost/autolibrary/user/dashboard.php',NULL,'2025-04-26 23:00:50',NULL,1,0),(139,7,'تم شحن 25,000.00 ليرة بنجاح','http://localhost/autolibrary/user/dashboard.php',NULL,'2025-04-26 23:05:12',NULL,1,0),(140,7,'يمكنك تصفح كتاب الحيوان على الرابط التالي','http://localhost/autolibrary/read_book.php?request_id=118',112,'2025-04-26 23:46:41',NULL,1,0),(141,5,'يمكنك تصفح كتاب الحيوان على الرابط التالي','http://localhost/autolibrary/read_book.php?request_id=116',113,'2025-04-26 23:46:50',NULL,1,0),(142,7,'يمكنك تصفح كتاب الحيوان على الرابط التالي','http://localhost/autolibrary/read_book.php?request_id=115',114,'2025-04-26 23:47:22',NULL,1,0),(143,7,'يمكنك تصفح كتاب الحيوان على الرابط التالي','http://localhost/autolibrary/read_book.php?request_id=114',115,'2025-04-26 23:47:29',NULL,1,0),(144,7,'يمكنك تصفح كتاب عالمي على الرابط التالي','http://localhost/autolibrary/read_book.php?request_id=91',116,'2025-04-26 23:53:02',NULL,1,0),(145,7,'يمكنك تصفح كتاب الحيوان على الرابط التالي','http://localhost/autolibrary/read_book.php?request_id=75',117,'2025-04-26 23:59:19',NULL,1,0),(146,7,'تم شحن 25,000.00 ليرة بنجاح','http://localhost/autolibrary/user/dashboard.php',NULL,'2025-04-27 00:23:14',NULL,1,0),(147,7,'تم شحن 25,000.00 ليرة بنجاح','http://localhost/autolibrary/user/dashboard.php',NULL,'2025-04-27 00:39:41',NULL,1,0),(148,5,'طلب جديد: استعارة كتاب','http://localhost/autolibrary/admin/manage_loan.php',119,'2025-04-27 00:44:53','2025-04-28 00:44:53',0,0),(149,7,'يمكنك تصفح كتاب البادية على الرابط التالي','http://localhost/autolibrary/read_book.php?request_id=119',119,'2025-04-27 00:46:51',NULL,1,0),(150,5,'طلب جديد: استعارة كتاب','http://localhost/autolibrary/admin/manage_loan.php',120,'2025-04-27 04:29:59','2025-04-28 04:29:59',1,0),(151,7,'يمكنك تصفح كتاب البلبل على الرابط التالي','http://localhost/autolibrary/read_book.php?request_id=120',120,'2025-04-27 04:31:13',NULL,1,0),(152,5,'طلب جديد: استعارة كتاب','http://localhost/autolibrary/admin/manage_loan.php',121,'2025-04-27 04:34:37','2025-04-28 04:34:37',0,0),(153,5,'طلب جديد: استعارة كتاب','http://localhost/autolibrary/admin/manage_loan.php',122,'2025-04-27 04:34:44','2025-04-28 04:34:44',0,0),(154,7,'يمكنك تصفح كتاب شش على الرابط التالي','http://localhost/autolibrary/read_book.php?request_id=121',121,'2025-04-27 04:34:55',NULL,1,0),(155,7,'يمكنك تصفح كتاب اا على الرابط التالي','http://localhost/autolibrary/read_book.php?request_id=122',122,'2025-04-27 05:03:00','2025-05-11 05:03:00',1,1),(156,5,'طلب جديد: شراء كتاب','http://localhost/autolibrary/admin/manage_loan.php',123,'2025-04-27 05:52:05','2025-04-28 05:52:05',0,0),(157,7,'يمكنك تصفح كتاب البلبل على الرابط التالي','http://localhost/autolibrary/read_book.php?request_id=123',123,'2025-04-27 05:52:32','2025-05-11 05:52:32',1,0),(158,7,'تم شحن 25,000.00 ليرة بنجاح','http://localhost/autolibrary/user/dashboard.php',NULL,'2025-04-27 05:57:52',NULL,1,0),(159,7,'تم شحن 25,000.00 ليرة بنجاح','http://localhost/autolibrary/user/dashboard.php',NULL,'2025-04-27 05:58:22',NULL,1,0),(162,5,'طلب جديد: شراء كتاب','http://localhost/autolibrary/admin/manage_loan.php',126,'2025-04-27 06:16:07','2025-04-28 06:16:07',0,0),(163,7,'يمكنك تصفح كتاب اسرار الحياة على الرابط التالي','http://localhost/autolibrary/read_book.php?request_id=126',126,'2025-04-27 06:18:54','2025-05-11 06:18:54',1,0),(165,27,'تم شحن 25,000.00 ليرة بنجاح','http://localhost/autolibrary/user/dashboard.php',NULL,'2025-04-28 11:49:54',NULL,1,0),(166,27,'تم شحن 25,000.00 ليرة بنجاح','http://localhost/autolibrary/user/dashboard.php',NULL,'2025-04-28 11:50:41',NULL,1,0),(167,5,'طلب جديد: استعارة كتاب','http://localhost/autolibrary/admin/manage_loan.php',128,'2025-04-28 11:51:18','2025-04-29 11:51:18',1,0),(168,27,'يمكنك تصفح كتاب اا على الرابط التالي','http://localhost/autolibrary/read_book.php?request_id=128',128,'2025-04-28 11:52:22','2025-05-12 11:52:22',1,1),(169,5,'طلب جديد: استعارة كتاب','http://localhost/autolibrary/admin/manage_loan.php',129,'2025-04-28 17:14:18','2025-04-29 17:14:18',1,0),(170,27,'يمكنك تصفح كتاب الحياة على الرابط التالي','http://localhost/autolibrary/read_book.php?request_id=129',129,'2025-04-28 17:20:49','2025-05-12 17:20:49',1,0),(171,5,'طلب جديد: استعارة كتاب','http://localhost/autolibrary/admin/manage_loan.php',130,'2025-04-28 22:31:37','2025-04-29 22:31:37',1,0),(172,5,'طلب جديد: استعارة كتاب','http://localhost/autolibrary//admin/dashboard.php?section=ops',131,'2025-04-28 22:33:38','2025-04-29 22:33:38',1,0),(173,27,'يمكنك تصفح كتاب الحيوان على الرابط التالي','http://localhost/autolibrary/read_book.php?request_id=131',131,'2025-04-28 22:41:55','2025-05-12 22:41:55',1,0),(174,5,'طلب جديد: استعارة كتاب','http://localhost/autolibrary//admin/dashboard.php?section=ops',132,'2025-04-28 23:29:15','2025-04-29 23:29:15',1,0),(175,27,'يمكنك تصفح كتاب لل على الرابط التالي','http://localhost/autolibrary/read_book.php?request_id=132',132,'2025-04-28 23:30:22','2025-05-12 23:30:22',1,0),(176,5,'طلب جديد: استعارة كتاب','http://localhost/autolibrary//admin/dashboard.php?section=ops',133,'2025-04-29 00:06:40','2025-04-30 00:06:40',1,0),(177,27,'يمكنك تصفح كتاب البادية على الرابط التالي','http://localhost/autolibrary/read_book.php?request_id=133',133,'2025-04-29 01:07:12','2025-05-13 01:07:12',0,0),(178,7,'تم شحن 25,000.00 ليرة بنجاح','http://localhost/autolibrary/user/dashboard.php',NULL,'2025-04-29 07:09:06',NULL,1,0),(180,5,'طلب تجديد استعارة من المستخدم: roaa','admin/renew_requests.php?request_id=121',NULL,'2025-04-29 07:11:03',NULL,1,0),(181,5,'طلب جديد: شراء كتاب','http://localhost/autolibrary//admin/dashboard.php?section=ops',0,'2025-04-29 08:13:25','2025-04-30 08:13:25',1,0),(182,5,'طلب تجديد استعارة (الطلب #121)','admin/renew_requests.php?request_id=121',121,'2025-04-29 08:17:15',NULL,1,0),(183,5,'طلب تجديد استعارة (الطلب #121)','admin/renew_requests.php?request_id=121',121,'2025-04-29 08:29:07',NULL,1,0),(184,5,'طلب تجديد استعارة (الطلب #121)','admin/renew_requests.php?request_id=121',121,'2025-04-29 08:30:34',NULL,1,0),(185,5,'طلب تجديد استعارة (الطلب #121)','admin/renew_requests.php?request_id=121',121,'2025-04-29 08:38:03',NULL,1,0),(186,7,'يمكنك تصفح كتاب شش على الرابط التالي','http://localhost/autolibrary/read_book.php?request_id=121',121,'2025-04-29 08:47:11','2025-05-13 08:47:11',1,0),(187,28,'تم شحن 25,000.00 ليرة بنجاح','http://localhost/autolibrary/user/dashboard.php',NULL,'2025-04-29 10:26:22',NULL,1,0),(188,5,'طلب جديد: استعارة كتاب','http://localhost/autolibrary//admin/dashboard.php?section=ops',134,'2025-04-29 10:27:26','2025-04-30 10:27:26',1,0),(189,5,'طلب جديد: استعارة كتاب','http://localhost/autolibrary//admin/dashboard.php?section=ops',135,'2025-04-29 10:31:21','2025-04-30 10:31:21',1,0),(190,5,'طلب جديد: استعارة كتاب','http://localhost/autolibrary//admin/dashboard.php?section=ops',136,'2025-04-29 10:32:27','2025-04-30 10:32:27',1,0),(214,5,'طلب تجديد استعارة (الطلب #137)','admin/renew_requests.php?request_id=137',137,'2025-04-29 11:59:54',NULL,1,0),(215,28,'يمكنك تصفح كتاب البادية على الرابط التالي','http://localhost/autolibrary/read_book.php?request_id=137',137,'2025-04-29 12:00:22','2025-05-13 12:00:22',1,0),(216,28,'تم شحن 25,000.00 ليرة بنجاح','http://localhost/autolibrary/user/dashboard.php',NULL,'2025-04-29 12:03:10',NULL,1,0),(217,28,'يمكنك تصفح كتاب الامير على الرابط التالي','http://localhost/autolibrary/read_book.php?request_id=136',136,'2025-04-29 12:03:45','2025-05-13 12:03:45',1,0),(218,5,'طلب تجديد استعارة (الطلب #136)','admin/renew_requests.php?request_id=136',136,'2025-04-29 12:06:53',NULL,1,0),(219,28,'يمكنك تصفح كتاب الامير على الرابط التالي','http://localhost/autolibrary/read_book.php?request_id=136',136,'2025-04-29 12:07:23','2025-05-13 12:07:23',1,0),(220,28,'يمكنك تصفح كتاب الحياة على الرابط التالي','http://localhost/autolibrary/read_book.php?request_id=135',135,'2025-04-29 12:11:18','2025-05-13 12:11:18',1,0),(221,5,'طلب تجديد استعارة (الطلب #135)','admin/renew_requests.php?request_id=135',135,'2025-04-29 12:15:53',NULL,1,0),(222,28,'يمكنك تصفح كتاب الحياة على الرابط التالي','http://localhost/autolibrary/read_book.php?request_id=135',135,'2025-04-29 12:16:13','2025-05-13 12:16:13',1,0),(223,5,'طلب تجديد استعارة (الطلب #136)','admin/renew_requests.php?request_id=136',136,'2025-04-29 12:46:29',NULL,1,0),(224,5,'طلب تجديد استعارة (الطلب #136)','admin/renew_requests.php?request_id=136',136,'2025-04-29 12:50:31',NULL,1,0),(225,5,'طلب تجديد استعارة (الطلب #136)','admin/renew_requests.php?request_id=136',136,'2025-04-29 12:52:54',NULL,1,0),(226,28,'تم شحن 25,000.00 ليرة بنجاح','http://localhost/autolibrary/user/dashboard.php',NULL,'2025-04-29 12:54:59',NULL,1,0),(227,28,'يمكنك تصفح كتاب الامير على الرابط التالي','http://localhost/autolibrary/read_book.php?request_id=136',136,'2025-04-29 12:58:14','2025-05-13 12:58:14',1,0),(228,28,'يمكنك تصفح كتاب الطيور على الرابط التالي','http://localhost/autolibrary/read_book.php?request_id=134',134,'2025-04-29 13:32:20','2025-05-13 13:32:20',1,0),(229,28,'تم شحن 25,000.00 ليرة بنجاح','http://localhost/autolibrary/user/dashboard.php',NULL,'2025-04-29 13:35:55',NULL,1,0),(230,5,'طلب تجديد استعارة (الطلب #134)','admin/renew_requests.php?request_id=134',134,'2025-04-29 13:36:03',NULL,1,0),(231,28,'يمكنك تصفح كتاب الطيور على الرابط التالي','http://localhost/autolibrary/read_book.php?request_id=134',134,'2025-04-29 13:36:29','2025-05-13 13:36:29',1,0),(232,5,'طلب جديد: استعارة كتاب','http://localhost/autolibrary//admin/dashboard.php?section=ops',138,'2025-04-29 23:36:00','2025-04-30 23:36:00',1,0),(233,17,'يمكنك تصفح كتاب شش على الرابط التالي','http://localhost/autolibrary/read_book.php?request_id=138',138,'2025-04-29 23:36:29','2025-05-13 23:36:29',1,0),(234,5,'طلب تجديد استعارة (الطلب #138)','admin/renew_requests.php?request_id=138',138,'2025-04-29 23:38:33',NULL,1,0),(235,17,'يمكنك تصفح كتاب شش على الرابط التالي','http://localhost/autolibrary/read_book.php?request_id=138',138,'2025-04-29 23:39:05','2025-05-13 23:39:05',1,0),(236,5,'طلب تجديد استعارة (الطلب #138)','admin/renew_requests.php?request_id=138',138,'2025-04-29 23:55:10',NULL,1,0),(237,17,'يمكنك تصفح كتاب شش على الرابط التالي','http://localhost/autolibrary/read_book.php?request_id=138',138,'2025-04-29 23:55:41','2025-05-13 23:55:41',1,0),(238,17,'تم شحن 25,000.00 ليرة بنجاح','http://localhost/autolibrary/user/dashboard.php',NULL,'2025-04-29 23:58:41',NULL,1,0),(239,5,'طلب جديد: استعارة كتاب','http://localhost/autolibrary//admin/dashboard.php?section=ops',139,'2025-04-30 00:06:11','2025-05-01 00:06:11',1,0),(240,17,'يمكنك تصفح كتاب الرسالة على الرابط التالي','http://localhost/autolibrary/read_book.php?request_id=139',139,'2025-04-30 00:06:38','2025-05-14 00:06:38',0,0),(241,32,'تم شحن 25,000.00 ليرة بنجاح','http://localhost/autolibrary/user/dashboard.php',NULL,'2025-05-03 11:03:13',NULL,1,0),(243,32,'تم شحن 5,000.00 ليرة بنجاح','http://localhost/autolibrary/user/dashboard.php',NULL,'2025-05-03 11:40:40',NULL,1,0),(244,32,'تم شحن 5,000.00 ليرة بنجاح','http://localhost/autolibrary/user/dashboard.php',NULL,'2025-05-03 11:45:53',NULL,1,0),(245,32,'تم شحن 5,000.00 ليرة بنجاح','http://localhost/autolibrary/user/dashboard.php',NULL,'2025-05-03 11:57:03',NULL,1,0),(246,32,'تم شحن 5,000.00 ليرة بنجاح','http://localhost/autolibrary/user/dashboard.php',NULL,'2025-05-03 12:02:24',NULL,0,0),(247,32,'تم شحن 5,000.00 ليرة بنجاح','http://localhost/autolibrary/user/dashboard.php',NULL,'2025-05-03 12:06:20',NULL,0,0),(248,33,'تم شحن 5,000.00 ليرة بنجاح','http://localhost/autolibrary/user/dashboard.php',NULL,'2025-05-03 12:10:24',NULL,1,0),(249,31,'تم شحن 5,000.00 ليرة بنجاح','http://localhost/autolibrary/user/dashboard.php',NULL,'2025-05-03 12:22:39',NULL,1,0),(250,31,'تم شحن 5,000.00 ليرة بنجاح','http://localhost/autolibrary/user/dashboard.php',NULL,'2025-05-03 12:26:09',NULL,1,0),(251,5,'طلب جديد: استعارة كتاب','http://localhost/autolibrary//admin/dashboard.php?section=ops',141,'2025-05-03 12:26:22','2025-05-04 12:26:22',1,0),(252,31,'تم شحن 5,000.00 ليرة بنجاح','http://localhost/autolibrary/user/dashboard.php',NULL,'2025-05-03 12:28:43',NULL,0,0),(253,5,'طلب جديد: استعارة كتاب','http://localhost/autolibrary//admin/dashboard.php?section=ops',142,'2025-05-03 12:29:03','2025-05-04 12:29:03',0,0),(254,31,'يمكنك تصفح كتاب ماجد على الرابط التالي','http://localhost/autolibrary/read_book.php?request_id=142',142,'2025-05-03 12:44:56','2025-05-17 12:44:56',0,0),(255,5,'طلب جديد: استعارة كتاب','http://localhost/autolibrary//admin/dashboard.php?section=ops',143,'2025-05-06 00:08:20','2025-05-07 00:08:20',1,0),(256,5,'طلب جديد: استعارة كتاب','http://localhost/autolibrary//admin/dashboard.php?section=ops',144,'2025-05-06 00:09:35','2025-05-07 00:09:35',1,0),(257,24,'يمكنك تصفح كتاب الطيور على الرابط التالي','http://localhost/autolibrary/read_book.php?request_id=144',144,'2025-05-06 00:10:21','2025-05-20 00:10:21',1,0),(258,5,'طلب جديد: استعارة كتاب','http://localhost/autolibrary//admin/dashboard.php?section=ops',145,'2025-05-06 00:11:16','2025-05-07 00:11:16',1,0),(259,24,'تم شحن 0.00 ليرة بنجاح','http://localhost/autolibrary/user/dashboard.php',NULL,'2025-05-06 10:44:42',NULL,1,0),(260,24,'تم شحن 0.00 ليرة بنجاح','http://localhost/autolibrary/user/dashboard.php',NULL,'2025-05-06 10:45:47',NULL,1,0),(261,24,'تم شحن 77,000.00 ليرة بنجاح','http://localhost/autolibrary/user/dashboard.php',NULL,'2025-05-06 10:48:07',NULL,1,0),(262,5,'طلب جديد: شراء كتاب','http://localhost/autolibrary//admin/dashboard.php?section=ops',146,'2025-05-06 10:54:59','2025-05-07 10:54:59',1,0),(263,5,'طلب جديد: استعارة كتاب','http://localhost/autolibrary//admin/dashboard.php?section=ops',147,'2025-05-06 11:01:13','2025-05-07 11:01:13',1,0),(264,28,'يمكنك تصفح كتاب الحياة على الرابط التالي','http://localhost/autolibrary/read_book.php?request_id=147',147,'2025-05-06 11:01:35','2025-05-20 11:01:35',1,0),(265,28,'تم شحن 50,000.00 ليرة بنجاح','http://localhost/autolibrary/user/dashboard.php',NULL,'2025-05-06 11:42:28',NULL,1,0),(266,5,'طلب جديد: استعارة كتاب','http://localhost/autolibrary//admin/dashboard.php?section=ops',148,'2025-05-06 11:44:48','2025-05-07 11:44:48',1,0),(267,28,'يمكنك تصفح كتاب اا على الرابط التالي','http://localhost/autolibrary/read_book.php?request_id=148',148,'2025-05-06 11:45:38','2025-05-20 11:45:38',1,0),(268,5,'طلب جديد: استعارة كتاب','http://localhost/autolibrary//admin/dashboard.php?section=ops',149,'2025-05-06 11:50:11','2025-05-07 11:50:11',1,0),(269,28,'يمكنك تصفح كتاب شش على الرابط التالي','http://localhost/autolibrary/read_book.php?request_id=149',149,'2025-05-06 11:50:44','2025-05-20 11:50:44',1,0),(270,5,'طلب جديد: استعارة كتاب','http://localhost/autolibrary//admin/dashboard.php?section=ops',150,'2025-05-06 11:54:19','2025-05-07 11:54:19',1,0),(271,24,'تم شحن 50,000.00 ليرة بنجاح','http://localhost/autolibrary/user/dashboard.php',NULL,'2025-05-06 12:37:15',NULL,0,0),(272,24,'يمكنك تصفح كتاب لل على الرابط التالي','http://localhost/autolibrary/read_book.php?request_id=145',145,'2025-05-06 12:37:55','2025-05-20 12:37:55',0,0),(274,5,'طلب جديد: استعارة كتاب','http://localhost/autolibrary//admin/dashboard.php?section=ops',152,'2025-05-06 13:11:49','2025-05-07 13:11:49',1,0),(275,28,'يمكنك تصفح كتاب تلتلا على الرابط التالي','http://localhost/autolibrary/read_book.php?request_id=152',152,'2025-05-06 13:12:08','2025-05-20 13:12:08',1,0),(277,5,'طلب جديد: استعارة كتاب','http://localhost/autolibrary//admin/dashboard.php?section=ops',154,'2025-05-06 13:52:44','2025-05-07 13:52:44',1,0),(278,28,'يمكنك تصفح كتاب الحيوان على الرابط التالي','http://localhost/autolibrary/read_book.php?request_id=154',154,'2025-05-06 13:53:08','2025-05-20 13:53:08',1,0),(279,5,'طلب جديد: شراء كتاب','http://localhost/autolibrary//admin/dashboard.php?section=ops',155,'2025-05-06 14:15:16','2025-05-07 14:15:16',1,0),(280,28,'يمكنك تصفح كتاب نهج الصالحين على الرابط التالي','http://localhost/autolibrary/read_book.php?request_id=155',155,'2025-05-06 14:15:48','2025-05-07 14:15:48',1,0),(281,28,'تم شحن 50,000.00 ليرة بنجاح','http://localhost/autolibrary/user/dashboard.php',NULL,'2025-05-06 15:53:06',NULL,1,0),(282,5,'طلب جديد: شراء كتاب','http://localhost/autolibrary//admin/dashboard.php?section=ops',156,'2025-05-06 15:53:32','2025-05-07 15:53:32',1,0),(283,28,'يمكنك تصفح كتاب اسرار الحياة على الرابط التالي','http://localhost/autolibrary/read_book.php?request_id=156',156,'2025-05-06 15:54:13','2028-01-31 15:54:13',1,0),(284,5,'طلب جديد: استعارة كتاب','http://localhost/autolibrary//admin/dashboard.php?section=ops',157,'2025-05-06 16:02:25','2025-05-07 16:02:25',1,0),(285,7,'يمكنك تصفح كتاب جسمك يتذكر كل شئ على الرابط التالي','http://localhost/autolibrary/read_book.php?request_id=157',157,'2025-05-06 16:04:34','2025-05-20 16:04:34',1,0),(286,5,'طلب جديد: استعارة كتاب','http://localhost/autolibrary//admin/dashboard.php?section=ops',158,'2025-05-06 16:21:02','2025-05-07 16:21:02',1,0),(287,7,'يمكنك تصفح كتاب الطيور على الرابط التالي','http://localhost/autolibrary/read_book.php?request_id=158',158,'2025-05-06 16:21:47','2025-05-20 16:21:47',1,0),(288,7,'تم شحن 7,500.00 ليرة بنجاح','http://localhost/autolibrary/user/dashboard.php',NULL,'2025-05-06 16:24:04',NULL,1,0),(289,7,'تم شحن 3,500.00 ليرة بنجاح','http://localhost/autolibrary/user/dashboard.php',NULL,'2025-05-06 16:32:54',NULL,1,0),(290,5,'طلب جديد: شراء كتاب','http://localhost/autolibrary//admin/dashboard.php?section=ops',159,'2025-05-06 16:33:17','2025-05-07 16:33:17',1,0),(291,7,'يمكنك تصفح كتاب اسرار الحياة على الرابط التالي','http://localhost/autolibrary/read_book.php?request_id=159',159,'2025-05-06 16:33:39','2028-01-31 16:33:39',1,0),(292,5,'طلب جديد: شراء كتاب','http://localhost/autolibrary//admin/dashboard.php?section=ops',160,'2025-05-08 18:05:37','2025-05-09 18:05:37',0,0),(293,24,'يمكنك تصفح كتاب البادية على الرابط التالي','http://localhost/autolibrary/read_book.php?request_id=160',160,'2025-05-08 18:06:17','2028-02-02 18:06:17',0,0),(295,5,'طلب جديد: شراء كتاب','http://localhost/autolibrary//admin/dashboard.php?section=ops',162,'2025-05-08 18:47:31','2025-05-09 18:47:31',0,0),(296,24,'يمكنك تصفح كتاب اسرار الحياة على الرابط التالي','http://localhost/autolibrary/read_book.php?request_id=162',162,'2025-05-08 18:47:51','2028-02-02 18:47:51',0,0),(297,35,'تم شحن 8,500.00 ليرة بنجاح','http://localhost/autolibrary/user/dashboard.php',NULL,'2025-05-15 13:44:59',NULL,1,0),(298,5,'طلب جديد: استعارة كتاب','http://localhost/autolibrary//admin/dashboard.php?section=ops',163,'2025-05-15 13:46:23','2025-05-16 13:46:23',0,0),(299,35,'يمكنك تصفح كتاب جسمك يتذكر كل شئ على الرابط التالي','http://localhost/autolibrary/read_book.php?request_id=163',163,'2025-05-15 13:58:49','2025-05-29 13:58:49',1,0),(300,28,'يمكنك تصفح كتاب الرسالة على الرابط التالي','http://localhost/autolibrary/read_book.php?request_id=150',150,'2025-05-17 18:11:23','2025-05-31 18:11:23',0,1),(302,7,'تم شحن 8,500.00 ليرة بنجاح','http://localhost/autolibrary/user/dashboard.php',NULL,'2025-05-19 17:14:55',NULL,1,0),(303,5,'طلب جديد: استعارة كتاب','http://localhost/autolibrary//admin/dashboard.php?section=ops',165,'2025-05-19 17:15:15','2025-05-20 17:15:15',1,0),(304,5,'طلب جديد: شراء كتاب','http://localhost/autolibrary//admin/dashboard.php?section=ops',0,'2025-05-20 02:12:10','2025-05-21 02:12:10',1,0),(305,7,'تم شحن 7,055.00 ليرة بنجاح','http://localhost/autolibrary/user/dashboard.php',NULL,'2025-05-20 02:30:32',NULL,1,0),(306,5,'طلب شراء جديد (0 عناصر)','http://localhost/autolibrary/admin/dashboard.php?section=ops',NULL,'2025-05-20 02:31:09',NULL,1,0),(307,7,'تم شحن 13,000.00 ليرة بنجاح','http://localhost/autolibrary/user/dashboard.php',NULL,'2025-05-20 04:46:36',NULL,1,0),(308,5,'طلب شراء جديد (0 عناصر)','http://localhost/autolibrary/admin/dashboard.php?section=ops',NULL,'2025-05-20 04:47:21',NULL,1,0),(309,5,'طلب شراء جديد (1 عناصر)','http://localhost/autolibrary/admin/dashboard.php?section=ops',NULL,'2025-05-20 04:51:37',NULL,1,0),(310,7,'تم شحن 22,110.00 ليرة بنجاح','http://localhost/autolibrary/user/dashboard.php',NULL,'2025-05-20 04:52:53',NULL,1,0),(311,5,'طلب شراء جديد (3 عناصر)','http://localhost/autolibrary/admin/dashboard.php?section=ops',NULL,'2025-05-20 04:58:23',NULL,1,0),(312,7,'يمكنك تصفح كتاب جسمك يتذكر كل شئ على الرابط التالي','http://localhost/autolibrary/read_book.php?request_id=167',167,'2025-05-20 04:59:18','2028-02-14 04:59:18',1,0),(313,7,'يمكنك تصفح كتاب البادية على الرابط التالي','http://localhost/autolibrary/read_book.php?request_id=168',168,'2025-05-20 05:00:11','2028-02-14 05:00:11',0,0),(314,7,'تم شحن 35,555.00 ليرة بنجاح','http://localhost/autolibrary/user/dashboard.php',NULL,'2025-05-21 18:52:35',NULL,0,0),(315,5,'طلب شراء جديد (3 عناصر)','http://localhost/lms/admin/dashboard.php?section=ops',NULL,'2025-05-21 18:52:46',NULL,1,0),(316,5,'طلب جديد: استعارة كتاب','http://localhost/lms//admin/dashboard.php?section=ops',173,'2025-06-03 02:47:42','2025-06-04 02:47:42',0,0),(318,41,'تم شحن 50,000.00 ليرة بنجاح','http://localhost/lms/user/dashboard.php',NULL,'2025-06-05 13:15:39',NULL,0,0),(319,5,'طلب شراء جديد (1 عناصر)','http://localhost/lms/admin/dashboard.php?section=ops',NULL,'2025-06-08 19:40:35',NULL,1,0),(320,5,'طلب جديد: استعارة كتاب','http://localhost/lms//admin/dashboard.php?section=ops',176,'2025-06-08 19:43:04','2025-06-09 19:43:04',1,0),(321,7,'يمكنك تصفح كتاب ماتلاب على الرابط التالي','http://localhost/lms/read_book.php?request_id=176',176,'2025-06-08 23:47:21','2025-06-22 23:47:21',0,0),(322,7,'يمكنك تصفح كتاب الانضباط الذاتي على الرابط التالي','http://localhost/lms/read_book.php?request_id=175',175,'2025-06-08 23:47:36','2028-03-04 23:47:36',0,0),(323,5,'طلب جديد: استعارة كتاب','http://localhost/lms//admin/dashboard.php?section=ops',177,'2025-06-09 23:13:23','2025-06-10 23:13:23',1,0),(324,28,'يمكنك تصفح كتاب ماتلاب على الرابط التالي','http://localhost/lms/read_book.php?request_id=177',177,'2025-06-09 23:14:10','2025-06-23 23:14:10',1,0),(325,5,'طلب شراء جديد (2 عناصر)','http://localhost/lms/admin/dashboard.php?section=ops',NULL,'2025-06-09 23:24:46',NULL,1,0),(326,5,'طلب شراء جديد (2 عناصر)','http://localhost/lms/admin/dashboard.php?section=ops',NULL,'2025-06-09 23:27:48',NULL,1,0),(327,5,'طلب شراء جديد (1 عناصر)','http://localhost/lms/admin/dashboard.php?section=ops',NULL,'2025-06-09 23:40:58',NULL,1,0),(328,5,'طلب شراء جديد (2 عناصر)','http://localhost/lms/admin/dashboard.php?section=ops',NULL,'2025-06-09 23:41:24',NULL,1,0),(329,28,'يمكنك تصفح كتاب الانضباط الذاتي على الرابط التالي','http://localhost/lms/read_book.php?request_id=184',184,'2025-06-09 23:42:32','2028-03-05 23:42:32',1,0),(330,28,'يمكنك تصفح كتاب ماتلاب على الرابط التالي','http://localhost/lms/read_book.php?request_id=183',183,'2025-06-09 23:42:46','2028-03-05 23:42:46',1,0),(331,5,'طلب شراء جديد (1 عناصر)','http://localhost/lms/admin/dashboard.php?section=ops',NULL,'2025-06-09 23:44:32',NULL,1,0),(332,28,'يمكنك تصفح كتاب البادية على الرابط التالي','http://localhost/lms/read_book.php?request_id=185',185,'2025-06-09 23:45:07','2028-03-05 23:45:07',1,0),(333,5,'طلب شراء جديد (2 عناصر)','http://localhost/lms/admin/dashboard.php?section=ops',NULL,'2025-06-09 23:47:19',NULL,1,0),(334,28,'يمكنك تصفح كتاب نهج الصالحين على الرابط التالي','http://localhost/lms/read_book.php?request_id=187',187,'2025-06-09 23:47:39','2028-03-05 23:47:39',1,0),(335,28,'يمكنك تصفح كتاب البادية على الرابط التالي','http://localhost/lms/read_book.php?request_id=186',186,'2025-06-09 23:47:49','2028-03-05 23:47:49',1,0),(336,28,'تم شحن 50,000.00 ليرة بنجاح','http://localhost/lms/user/dashboard.php',NULL,'2025-06-10 00:22:42',NULL,1,0),(337,28,'تم رفض طلبك لكتاب ماتلاب بسبب عدم توفر نسخ إضافية حالياً',NULL,182,'2025-06-10 00:23:02',NULL,1,0),(338,5,'طلب شراء جديد (1 عناصر)','http://localhost/lms/admin/dashboard.php?section=ops',NULL,'2025-06-10 00:25:21',NULL,1,0),(339,28,'يمكنك تصفح كتاب ماتلاب على الرابط التالي','http://localhost/lms/read_book.php?request_id=188',188,'2025-06-10 00:25:53','2028-03-06 00:25:53',1,0),(340,5,'طلب شراء جديد (1 عناصر)','http://localhost/lms/admin/dashboard.php?section=ops',NULL,'2025-06-10 00:26:15',NULL,1,0),(341,28,'تم رفض طلبك لكتاب الانضباط الذاتي بسبب عدم توفر نسخ إضافية حالياً',NULL,189,'2025-06-10 00:26:27',NULL,1,0),(342,56,'تم شحن 5,000.00 ليرة بنجاح','http://localhost/lms/user/dashboard.php',NULL,'2025-06-10 08:43:21',NULL,1,0),(344,5,'طلب جديد: استعارة كتاب','http://localhost/lms//admin/dashboard.php?section=ops',191,'2025-06-10 08:47:10','2025-06-11 08:47:10',1,0),(345,56,'يمكنك تصفح كتاب ماتلاب على الرابط التالي','http://localhost/lms/read_book.php?request_id=191',191,'2025-06-10 08:47:38','2025-06-24 08:47:38',1,0),(346,56,'تم شحن 12,700.00 ليرة بنجاح','http://localhost/lms/user/dashboard.php',NULL,'2025-06-10 10:35:12',NULL,1,0),(347,5,'طلب شراء جديد (2 عناصر)','http://localhost/lms/admin/dashboard.php?section=ops',NULL,'2025-06-10 10:35:19',NULL,1,0),(348,5,'طلب شراء جديد (2 عناصر)','http://localhost/lms/admin/dashboard.php?section=ops',NULL,'2025-06-10 10:39:12',NULL,1,0),(349,5,'طلب شراء جديد (2 عناصر)','http://localhost/lms/admin/dashboard.php?section=ops',NULL,'2025-06-10 10:40:03',NULL,1,0),(350,56,'تم شحن 8,200.00 ليرة بنجاح','http://localhost/lms/user/dashboard.php',NULL,'2025-06-10 10:52:49',NULL,1,0),(351,5,'طلب شراء جديد (2 عناصر)','http://localhost/lms/admin/dashboard.php?section=ops',NULL,'2025-06-10 10:52:59',NULL,1,0),(352,56,'يمكنك تصفح كتاب عصر الأدلجة على الرابط التالي','http://localhost/lms/read_book.php?request_id=198',198,'2025-06-10 10:53:48','2028-03-06 10:53:48',1,0),(353,56,'تم رفض طلبك لكتاب ماتلاب بسبب عدم توفر نسخ إضافية حالياً',NULL,199,'2025-06-10 11:09:20',NULL,0,0),(354,28,'تم شحن 50,000.00 ليرة بنجاح','http://localhost/lms/user/dashboard.php?section=funds',NULL,'2025-06-11 00:06:32',NULL,1,0),(355,5,'طلب شراء جديد (1 عناصر)','http://localhost/lms/admin/dashboard.php?section=ops',NULL,'2025-06-11 00:49:10',NULL,1,0),(356,5,'طلب شراء جديد (2 عناصر)','http://localhost/lms/admin/dashboard.php?section=ops',NULL,'2025-06-11 01:17:45',NULL,1,0),(357,5,'طلب شراء جديد (2 عناصر)','http://localhost/lms/admin/dashboard.php?section=ops',NULL,'2025-06-11 01:48:47',NULL,1,0),(358,5,'طلب شراء جديد (3 عناصر)','http://localhost/lms/admin/dashboard.php?section=ops',NULL,'2025-06-11 01:58:13',NULL,1,0),(359,5,'طلب شراء جديد (2 عناصر)','http://localhost/lms/admin/dashboard.php?section=ops',NULL,'2025-06-11 02:04:08',NULL,1,0),(360,5,'طلب شراء جديد (2 عناصر)','http://localhost/lms/admin/dashboard.php?section=ops',NULL,'2025-06-11 02:30:14',NULL,1,0),(361,5,'طلب شراء جديد (3 عناصر)','http://localhost/lms/admin/dashboard.php?section=ops',NULL,'2025-06-11 02:58:28',NULL,1,0),(362,28,'يمكنك تصفح كتاب الطبيعة على الرابط التالي','http://localhost/lms/read_book.php?request_id=214',214,'2025-06-11 02:59:11','2028-03-07 02:59:11',1,0),(363,28,'يمكنك تصفح كتاب البادية على الرابط التالي','http://localhost/lms/read_book.php?request_id=213',213,'2025-06-11 02:59:35','2028-03-07 02:59:35',1,0),(364,56,'يمكنك تصفح كتاب ماتلاب على الرابط التالي','http://localhost/lms/read_book.php?request_id=196',196,'2025-06-11 03:03:04','2028-03-07 03:03:04',1,0),(365,28,'تم رفض طلبك لكتاب ماتلاب بسبب عدم توفر نسخ إضافية حالياً',NULL,212,'2025-06-11 03:03:11',NULL,1,0),(366,5,'طلب جديد: استعارة كتاب','http://localhost/lms//admin/dashboard.php?section=ops',215,'2025-06-11 05:06:54','2025-06-12 05:06:54',1,0),(367,5,'طلب شراء جديد (2 عناصر)','http://localhost/lms/admin/dashboard.php?section=ops',NULL,'2025-06-11 05:07:31',NULL,1,0),(368,5,'تم رفض طلبك لكتاب البادية بسبب عدم توفر نسخ إضافية حالياً',NULL,215,'2025-06-11 13:18:00',NULL,1,0),(369,5,'تم رفض طلبك لكتاب البادية بسبب عدم توفر نسخ إضافية حالياً',NULL,217,'2025-06-11 13:18:05',NULL,1,0),(370,5,'يمكنك تصفح كتاب الطبيعة على الرابط التالي','http://localhost/lms/read_book.php?request_id=216',216,'2025-06-11 13:18:09','2028-03-07 13:18:09',1,0),(371,5,'طلب شراء جديد (1 عناصر)','http://localhost/lms/admin/dashboard.php?section=ops',NULL,'2025-06-11 13:45:27',NULL,1,0),(373,5,'طلب شراء جديد (1 عناصر)','http://localhost/lms/admin/dashboard.php?section=ops',NULL,'2025-06-11 13:47:03',NULL,1,0),(374,5,'طلب شراء جديد (1 عناصر)','http://localhost/lms/admin/dashboard.php?section=ops',NULL,'2025-06-11 14:15:27',NULL,1,0),(376,5,'طلب جديد: استعارة كتاب','http://localhost/lms//admin/dashboard.php?section=ops',223,'2025-06-11 15:47:50','2025-06-12 15:47:50',1,0),(377,28,'يمكنك تصفح كتاب retert على الرابط التالي','http://localhost/lms/read_book.php?request_id=223',223,'2025-06-11 15:50:07','2025-06-25 15:50:07',1,0),(378,5,'طلب شراء جديد (1 عناصر)','http://localhost/lms/admin/dashboard.php?section=ops',NULL,'2025-06-11 15:50:25',NULL,1,0),(379,28,'يمكنك تصفح كتاب sdfsdf على الرابط التالي','http://localhost/lms/read_book.php?request_id=224',224,'2025-06-11 15:50:43','2028-03-07 15:50:43',1,0),(380,59,'تم شحن 50,000.00 ليرة بنجاح','http://localhost/lms/user/dashboard.php?section=funds',NULL,'2025-06-11 18:16:37',NULL,0,0),(381,5,'طلب شراء جديد (1 عناصر)','http://localhost/lms/admin/dashboard.php?section=ops',NULL,'2025-06-12 15:17:18',NULL,1,0),(382,28,'يمكنك تصفح كتاب الطيور على الرابط التالي','http://localhost/lms/read_book.php?request_id=225',225,'2025-06-12 15:18:02','2028-03-08 15:18:02',0,0),(383,5,'طلب شراء جديد (1 عناصر)','http://localhost/lms/admin/dashboard.php?section=ops',NULL,'2025-06-12 15:37:05',NULL,0,0),(384,5,'طلب شراء جديد (2 عناصر)','http://localhost/lms/admin/dashboard.php?section=ops',NULL,'2025-06-12 15:38:06',NULL,0,0),(385,28,'تم شحن 50,000.00 ليرة بنجاح','http://localhost/lms/user/dashboard.php?section=funds',NULL,'2025-06-12 17:03:27',NULL,0,0),(386,28,'تم شحن 50,000.00 ليرة بنجاح','http://localhost/lms/user/dashboard.php?section=funds',NULL,'2025-06-12 22:32:10',NULL,0,0);
/*!40000 ALTER TABLE `notifications` ENABLE KEYS */;
UNLOCK TABLES;

--
-- Table structure for table `order_items`
--

DROP TABLE IF EXISTS `order_items`;
/*!40101 SET @saved_cs_client     = @@character_set_client */;
/*!50503 SET character_set_client = utf8mb4 */;
CREATE TABLE `order_items` (
  `id` int NOT NULL,
  `order_id` int NOT NULL,
  `book_id` int NOT NULL,
  `quantity` int NOT NULL DEFAULT '1',
  `original_price` decimal(10,2) DEFAULT NULL,
  `discounted_price` decimal(10,2) DEFAULT NULL,
  `price` decimal(10,2) DEFAULT NULL
) ENGINE=InnoDB DEFAULT CHARSET=utf8mb4 COLLATE=utf8mb4_0900_ai_ci;
/*!40101 SET character_set_client = @saved_cs_client */;

--
-- Dumping data for table `order_items`
--

LOCK TABLES `order_items` WRITE;
/*!40000 ALTER TABLE `order_items` DISABLE KEYS */;
/*!40000 ALTER TABLE `order_items` ENABLE KEYS */;
UNLOCK TABLES;

--
-- Table structure for table `orders`
--

DROP TABLE IF EXISTS `orders`;
/*!40101 SET @saved_cs_client     = @@character_set_client */;
/*!50503 SET character_set_client = utf8mb4 */;
CREATE TABLE `orders` (
  `id` int NOT NULL AUTO_INCREMENT,
  `user_id` int DEFAULT NULL,
  `total` decimal(10,2) DEFAULT NULL,
  `discounted_total` decimal(10,2) DEFAULT NULL,
  `created_at` timestamp NULL DEFAULT CURRENT_TIMESTAMP,
  `status` enum('pending','completed','cancelled') NOT NULL DEFAULT 'pending',
  PRIMARY KEY (`id`),
  KEY `user_id` (`user_id`),
  CONSTRAINT `orders_ibfk_1` FOREIGN KEY (`user_id`) REFERENCES `users` (`id`)
) ENGINE=InnoDB AUTO_INCREMENT=58 DEFAULT CHARSET=utf8mb4 COLLATE=utf8mb4_0900_ai_ci;
/*!40101 SET character_set_client = @saved_cs_client */;

--
-- Dumping data for table `orders`
--

LOCK TABLES `orders` WRITE;
/*!40000 ALTER TABLE `orders` DISABLE KEYS */;
INSERT INTO `orders` VALUES (41,28,14455.00,14155.00,'2025-06-10 22:58:13','pending'),(42,28,20000.00,17900.00,'2025-06-10 23:04:07','pending'),(43,28,15555.00,14455.00,'2025-06-10 23:12:20','pending'),(44,28,15555.00,14455.00,'2025-06-10 23:22:40','pending'),(45,28,15555.00,14455.00,'2025-06-10 23:22:47','pending'),(46,28,15555.00,14455.00,'2025-06-10 23:27:04','pending'),(47,28,15555.00,14455.00,'2025-06-10 23:28:33','pending'),(48,28,15555.00,14455.00,'2025-06-10 23:30:14','pending'),(49,28,18900.00,17500.00,'2025-06-10 23:58:28','pending'),(50,5,8900.00,8600.00,'2025-06-11 02:07:31','pending'),(51,28,435.00,435.00,'2025-06-11 10:45:27','pending'),(52,28,12000.00,12000.00,'2025-06-11 10:47:03','pending'),(53,28,12000.00,12000.00,'2025-06-11 11:15:27','pending'),(54,28,435.00,435.00,'2025-06-11 12:50:25','pending'),(55,28,16000.00,16000.00,'2025-06-12 12:17:18','pending'),(56,28,45.00,45.00,'2025-06-12 12:37:05','pending'),(57,28,480.00,480.00,'2025-06-12 12:38:06','pending');
/*!40000 ALTER TABLE `orders` ENABLE KEYS */;
UNLOCK TABLES;

--
-- Table structure for table `payments`
--

DROP TABLE IF EXISTS `payments`;
/*!40101 SET @saved_cs_client     = @@character_set_client */;
/*!50503 SET character_set_client = utf8mb4 */;
CREATE TABLE `payments` (
  `payment_id` int NOT NULL AUTO_INCREMENT,
  `request_id` int DEFAULT NULL,
  `book_id` int DEFAULT NULL,
  `amount` decimal(10,2) NOT NULL,
  `payment_date` datetime DEFAULT NULL,
  `status` enum('pending','completed','failed','refunded') CHARACTER SET utf8mb4 COLLATE utf8mb4_0900_ai_ci DEFAULT 'pending',
  `transaction_id` varchar(255) DEFAULT NULL,
  `user_id` int DEFAULT NULL,
  `payment_type` enum('purchase','topup','borrow','renew','penalty') CHARACTER SET utf8mb4 COLLATE utf8mb4_0900_ai_ci NOT NULL,
  PRIMARY KEY (`payment_id`),
  KEY `request_id` (`request_id`),
  CONSTRAINT `payments_ibfk_1` FOREIGN KEY (`request_id`) REFERENCES `borrow_requests` (`id`)
) ENGINE=InnoDB AUTO_INCREMENT=195 DEFAULT CHARSET=utf8mb4 COLLATE=utf8mb4_0900_ai_ci;
/*!40101 SET character_set_client = @saved_cs_client */;

--
-- Dumping data for table `payments`
--

LOCK TABLES `payments` WRITE;
/*!40000 ALTER TABLE `payments` DISABLE KEYS */;
INSERT INTO `payments` VALUES (30,70,NULL,5000.00,NULL,'completed',NULL,NULL,'borrow'),(31,71,NULL,5000.00,NULL,'completed',NULL,NULL,'borrow'),(32,72,NULL,5000.00,NULL,'completed',NULL,NULL,'borrow'),(33,74,NULL,25000.00,NULL,'completed',NULL,NULL,'borrow'),(34,73,NULL,5000.00,NULL,'completed',NULL,NULL,'borrow'),(35,76,NULL,5000.00,NULL,'completed',NULL,NULL,'borrow'),(36,78,NULL,5000.00,NULL,'completed',NULL,NULL,'borrow'),(37,79,NULL,5000.00,NULL,'completed',NULL,NULL,'borrow'),(38,80,NULL,5000.00,NULL,'completed',NULL,NULL,'borrow'),(39,81,NULL,5000.00,NULL,'completed',NULL,NULL,'borrow'),(40,82,NULL,5000.00,NULL,'completed',NULL,NULL,'borrow'),(41,83,NULL,5000.00,NULL,'completed',NULL,NULL,'borrow'),(42,84,NULL,5000.00,NULL,'completed',NULL,NULL,'borrow'),(43,85,NULL,5000.00,NULL,'completed',NULL,NULL,'borrow'),(44,87,NULL,5000.00,NULL,'completed',NULL,NULL,'borrow'),(45,88,NULL,5000.00,NULL,'completed',NULL,NULL,'borrow'),(46,89,NULL,5000.00,'2025-04-20 07:52:17','completed','TRX_2baa52d2a2a10498',NULL,'borrow'),(47,90,NULL,5000.00,'2025-04-20 08:02:11','completed','TRX_0226386fe094bde9',7,'borrow'),(48,NULL,NULL,25000.00,'2025-04-20 08:24:12','completed','TRX_8dd4f2ccc25872b4',7,'borrow'),(49,NULL,NULL,25000.00,'2025-04-20 09:26:58','completed','TRX_02cc566b4bfc65b9',7,'purchase'),(50,NULL,NULL,25000.00,'2025-04-20 09:29:22','completed','TRX_ef63976f396bf67e',7,'purchase'),(51,NULL,NULL,25000.00,'2025-04-20 09:29:38','completed','TRX_ce411f05b21d0d06',7,'purchase'),(52,92,NULL,25000.00,'2025-04-20 09:30:43','completed','TRX_cfd7d95ab8ce7921',7,'purchase'),(53,NULL,NULL,25000.00,'2025-04-20 09:41:52','completed','TRX_bdbc90e88cd2d39d',7,'purchase'),(54,93,NULL,25000.00,'2025-04-20 09:45:36','completed','TRX_9a66836e3b5bbaad',7,'purchase'),(55,NULL,NULL,25000.00,'2025-04-20 09:46:16','completed','TRX_e0f132baeb183cfb',7,'purchase'),(56,94,NULL,25000.00,'2025-04-20 10:18:34','completed','TRX_c45666554b3e23f1',7,'purchase'),(57,NULL,NULL,25000.00,'2025-04-20 10:46:28','completed','TRX_aef6f6611cf53976',7,'purchase'),(58,95,NULL,25000.00,'2025-04-20 10:53:57','completed','TRX_9ad6b3d387b6953b',7,'purchase'),(59,NULL,NULL,25000.00,'2025-04-21 18:01:05','completed','TRX_04696398c9e1d030',23,'purchase'),(60,101,NULL,5000.00,'2025-04-21 18:06:51','completed','TRX_6b8fafa2b78d7eac',23,'borrow'),(61,NULL,NULL,25000.00,'2025-04-22 09:01:57','completed','TRX_bcb487c4e2f8e7f7',24,'purchase'),(62,NULL,NULL,25000.00,'2025-04-23 14:42:05','completed','TRX_4c6494c922318f7a',24,'purchase'),(63,NULL,NULL,25000.00,'2025-04-26 23:00:50','completed','TRX_9fb140b8056c0324',7,'purchase'),(64,NULL,NULL,25000.00,'2025-04-26 23:05:12','completed','TRX_db37a73473380c8f',7,'purchase'),(65,118,NULL,5000.00,'2025-04-26 23:46:41','completed','TRX_a533bf3b5e083abb',7,'borrow'),(66,116,NULL,5000.00,'2025-04-26 23:46:50','completed','TRX_09554ba53b0cedb3',5,'borrow'),(67,115,NULL,5000.00,'2025-04-26 23:47:22','completed','TRX_277816466ef5fe5b',7,'borrow'),(68,114,NULL,5000.00,'2025-04-26 23:47:29','completed','TRX_8106204539915748',7,'borrow'),(69,91,NULL,25000.00,'2025-04-26 23:53:02','completed','TRX_f363fa2d475bb05c',7,'purchase'),(70,75,NULL,5000.00,'2025-04-26 23:59:19','completed','TRX_a54cb67a4ca67a95',7,'borrow'),(71,NULL,NULL,25000.00,'2025-04-27 00:23:13','completed','TRX_774edc1816c7ac96',7,'purchase'),(72,NULL,NULL,25000.00,'2025-04-27 00:39:40','completed','TRX_bd0eb26c86fb7a47',7,'topup'),(73,119,NULL,5000.00,'2025-04-27 00:46:51','completed','TRX_a5d682ae856f7690',7,'borrow'),(74,120,NULL,5000.00,'2025-04-27 04:31:13','completed','TRX_67403223f4a6b2eb',7,'borrow'),(75,121,NULL,5000.00,'2025-04-27 04:34:55','completed','TRX_5a4a2b00c1365607',7,'borrow'),(76,122,NULL,5000.00,'2025-04-27 05:03:00','completed','TRX_daa7f676d3098451',7,'borrow'),(77,123,NULL,25000.00,'2025-04-27 05:52:32','completed','TRX_10d6d13f2bf0744c',7,'purchase'),(78,NULL,NULL,25000.00,'2025-04-27 05:57:52','completed','TRX_fe84031dbc7fb6c2',7,'topup'),(79,NULL,NULL,25000.00,'2025-04-27 05:58:20','completed','TRX_e29801c2f9d802a7',7,'topup'),(81,NULL,NULL,25000.00,'2025-04-28 11:49:54','completed','TRX_ec8b63b5f5902094',27,'topup'),(82,NULL,NULL,25000.00,'2025-04-28 11:50:40','completed','TRX_09e58753f397c189',27,'topup'),(83,128,NULL,5000.00,'2025-04-28 11:52:22','completed','TRX_02ca919b347856ec',27,'borrow'),(84,129,NULL,5000.00,'2025-04-28 17:20:49','completed','TRX_78990007118b77c6',27,'borrow'),(85,131,NULL,5000.00,'2025-04-28 22:41:55','completed','TRX_d0e1eddf043d4059',27,'borrow'),(86,132,NULL,5000.00,'2025-04-28 23:30:22','completed','TRX_e69c68bcce34c15a',27,'borrow'),(87,133,NULL,5000.00,'2025-04-29 01:07:12','completed','TRX_8afb752c4aaa9b90',27,'borrow'),(88,NULL,NULL,25000.00,'2025-04-29 07:09:06','completed','TRX_bb00e9dd4d97c60f',7,'topup'),(89,121,NULL,5000.00,'2025-04-29 08:47:11','completed','TRX_3f19524ef58082e7',7,'borrow'),(90,NULL,NULL,25000.00,'2025-04-29 10:26:21','completed','TRX_27f61ff07404a3ea',28,'topup'),(91,137,NULL,5000.00,'2025-04-29 10:45:38','completed','TRX_7acdb0c92561f2ab',28,'borrow'),(92,137,NULL,5000.00,'2025-04-29 11:11:31','completed','TRX_7b0b2257d28ed8a9',28,'borrow'),(93,137,NULL,5000.00,'2025-04-29 11:21:04','completed','TRX_2029e804af2ac447',28,'borrow'),(94,137,NULL,5000.00,'2025-04-29 11:59:08','completed','TRX_b2b034d424d6941a',28,'borrow'),(95,137,NULL,5000.00,'2025-04-29 12:00:22','completed','TRX_34bc17a660c74c73',28,'borrow'),(96,NULL,NULL,25000.00,'2025-04-29 12:03:09','completed','TRX_70d06eb07dca5329',28,'topup'),(97,136,NULL,5000.00,'2025-04-29 12:03:45','completed','TRX_d005d408e9b8e32d',28,'borrow'),(98,136,NULL,5000.00,'2025-04-29 12:07:23','completed','TRX_ac4c9054c5cb8ef2',28,'borrow'),(99,135,NULL,5000.00,'2025-04-29 12:11:18','completed','TRX_48bf5155468e3a2a',28,'borrow'),(100,135,NULL,5000.00,'2025-04-29 12:16:13','completed','TRX_365ac6079e65a6c7',28,'borrow'),(101,NULL,NULL,25000.00,'2025-04-29 12:54:58','completed','TRX_ce1b4c2a2c636200',28,'topup'),(102,136,NULL,5000.00,'2025-04-29 12:58:14','completed','TRX_2966007a30800d80',28,'renew'),(103,134,NULL,5000.00,'2025-04-29 13:32:20','completed','TRX_c006b37da756beed',28,'borrow'),(104,NULL,NULL,25000.00,'2025-04-29 13:35:54','completed','TRX_091ffc477969956a',28,'topup'),(105,134,NULL,5000.00,'2025-04-29 13:36:29','completed','TRX_9c2733dc20f50e3b',28,'renew'),(106,80,NULL,11000.00,'2025-04-29 23:00:02','completed',NULL,7,'penalty'),(107,81,NULL,8000.00,'2025-04-29 23:00:03','completed',NULL,7,'penalty'),(108,134,NULL,5000.00,'2025-04-29 23:00:03','completed',NULL,28,'penalty'),(109,135,NULL,1000.00,'2025-04-29 23:00:04','completed',NULL,28,'penalty'),(110,137,NULL,4000.00,'2025-04-29 23:13:01','completed',NULL,28,'penalty'),(111,136,NULL,1000.00,'2025-04-29 23:30:01','completed','TRX_8f13c24be0be8930',28,'penalty'),(112,138,NULL,5000.00,'2025-04-29 23:36:29','completed','TRX_2333d45c7bd79ee8',17,'borrow'),(113,138,NULL,5000.00,'2025-04-29 23:39:05','completed','TRX_2fb9ea2c7a6bb46d',17,'renew'),(114,138,NULL,4000.00,'2025-04-29 23:41:01','completed','TRX_fe1e5d142deed9c5',17,'penalty'),(115,138,NULL,5000.00,'2025-04-29 23:55:41','completed','TRX_1c107e6bcda65b90',17,'renew'),(116,NULL,NULL,25000.00,'2025-04-29 23:58:40','completed','TRX_efccff5acb9c6abc',17,'topup'),(117,139,NULL,5000.00,'2025-04-30 00:06:38','completed','TRX_9b6ad8649ad490c5',17,'borrow'),(118,80,NULL,1000.00,'2025-04-30 00:16:01','completed','TRX_b23e8dc1dc73ad82',7,'penalty'),(119,81,NULL,1000.00,'2025-04-30 00:16:01','completed','TRX_806f55a404c2c19e',7,'penalty'),(120,134,NULL,1000.00,'2025-04-30 00:16:01','completed','TRX_0ac16d3ed6bb8286',28,'penalty'),(121,135,NULL,1000.00,'2025-04-30 00:16:01','completed','TRX_34cc6a4fba34bf50',28,'penalty'),(122,136,NULL,1000.00,'2025-04-30 00:16:01','completed','TRX_620298b23a9797fa',28,'penalty'),(123,137,NULL,1000.00,'2025-04-30 00:16:01','completed','TRX_79a494701168664d',28,'penalty'),(124,138,NULL,1000.00,'2025-04-30 00:16:01','completed','TRX_1da9c6d194398801',17,'penalty'),(125,139,NULL,1000.00,'2025-04-30 00:16:01','completed','TRX_71e1a8f2dd35bf1b',17,'penalty'),(126,NULL,NULL,25000.00,'2025-05-03 11:03:13','completed','TRX_f2539950fca5de0d',32,'topup'),(127,NULL,NULL,5000.00,'2025-05-03 11:40:39','completed','TRX_e352910852a00246',32,'topup'),(128,NULL,NULL,5000.00,'2025-05-03 11:45:52','completed','TRX_c47038f1c6347d8a',32,'topup'),(129,NULL,NULL,5000.00,'2025-05-03 11:57:02','completed','TRX_37ef46a345fb06a1',32,'topup'),(130,NULL,NULL,5000.00,'2025-05-03 12:02:24','completed','TRX_1c9b231235226284',32,'topup'),(131,NULL,NULL,5000.00,'2025-05-03 12:06:20','completed','TRX_ebd91ccbdd8278ac',32,'topup'),(132,NULL,NULL,5000.00,'2025-05-03 12:10:23','completed','TRX_aa33169ea1abe6db',33,'topup'),(133,NULL,NULL,5000.00,'2025-05-03 12:22:39','completed','TRX_31df74129fc246e9',31,'topup'),(134,NULL,NULL,5000.00,'2025-05-03 12:26:08','completed','TRX_28deab9d1c9558a3',31,'topup'),(135,NULL,NULL,5000.00,'2025-05-03 12:28:43','completed','TRX_f3b28f894511a485',31,'topup'),(136,142,NULL,5000.00,'2025-05-03 12:44:56','completed','TRX_d24eaf469d2f76e9',31,'borrow'),(137,144,NULL,7000.00,'2025-05-06 00:10:21','completed','TRX_5a3342ca9f94b5c2',24,'borrow'),(138,NULL,NULL,0.00,'2025-05-06 10:44:41','completed','TRX_57bbb9e7b36b6d6b',24,'topup'),(139,NULL,NULL,77000.00,'2025-05-06 10:48:05','completed','TRX_c15a25cd268d9f83',24,'topup'),(140,147,NULL,7000.00,'2025-05-06 11:01:35','completed','TRX_3b38210ad5dff7ef',28,'borrow'),(141,NULL,NULL,50000.00,'2025-05-06 11:42:28','completed','TRX_a9deda527cf7093a',28,'topup'),(142,148,NULL,7000.00,'2025-05-06 11:45:38','completed','TRX_2d380315f95b2ef9',28,'borrow'),(143,149,NULL,7000.00,'2025-05-06 11:50:44','completed','TRX_2e4249ec0c226e54',28,'borrow'),(144,NULL,NULL,50000.00,'2025-05-06 12:37:14','completed','TRX_52f63b278161d8a0',24,'topup'),(145,145,NULL,7000.00,'2025-05-06 12:37:55','completed','TRX_337d5d08bdc1948a',24,'borrow'),(146,152,NULL,7000.00,'2025-05-06 13:12:08','completed','TRX_32b908da44f62b78',28,'borrow'),(147,154,NULL,7000.00,'2025-05-06 13:53:08','completed','TRX_7ab7e9ca61a6d54a',28,'borrow'),(148,155,18,10000.00,'2025-05-06 14:15:48','completed','TRX_e8561fe8c7dbd80d',28,'purchase'),(149,NULL,NULL,50000.00,'2025-05-06 15:53:05','completed','TRX_7e45e749431e3773',28,'topup'),(150,156,NULL,12000.00,'2025-05-06 15:54:13','completed','TRX_a2bee2a27c5f419a',28,'purchase'),(151,157,NULL,8500.00,'2025-05-06 16:04:34','completed','TRX_4063562a17d944be',7,'borrow'),(152,158,NULL,8500.00,'2025-05-06 16:21:47','completed','TRX_0eb64acc74bba5a6',7,'borrow'),(153,NULL,NULL,7500.00,'2025-05-06 16:24:04','completed','TRX_a80a04ce4bf3288b',7,'topup'),(154,NULL,NULL,3500.00,'2025-05-06 16:32:54','completed','TRX_355dc8c55b50a422',7,'topup'),(155,159,NULL,12000.00,'2025-05-06 16:33:39','completed','TRX_8aeb494e5f1052ba',7,'purchase'),(156,160,NULL,1000.00,'2025-05-08 18:06:17','completed','TRX_ab46191ecaadf257',24,'purchase'),(157,162,24,12000.00,'2025-05-08 18:47:51','completed','TRX_4c9e2b9a49c94242',24,'purchase'),(158,NULL,NULL,8500.00,'2025-05-15 13:44:59','completed','TRX_2b91f90c95434a27',35,'topup'),(159,163,28,8500.00,'2025-05-15 13:58:49','completed','TRX_a4a7f8610b6b0d35',35,'borrow'),(160,150,25,7000.00,'2025-05-17 18:11:23','completed','TRX_0355d453913e538e',28,'borrow'),(161,NULL,NULL,8500.00,'2025-05-19 17:14:54','completed','TRX_84b478406c92f6c0',7,'topup'),(162,NULL,NULL,7055.00,'2025-05-20 02:30:31','completed','TRX_9d51c2b2ec71571c',7,'topup'),(163,NULL,NULL,13000.00,'2025-05-20 04:46:35','completed','TRX_3e9a19bf87a6b946',7,'topup'),(164,NULL,NULL,22110.00,'2025-05-20 04:52:52','completed','TRX_c45b8d8a5aae2ec7',7,'topup'),(165,167,28,12000.00,'2025-05-20 04:59:18','completed','TRX_31f13b438d5264ba',7,'purchase'),(166,168,30,1000.00,'2025-05-20 05:00:11','completed','TRX_25699bb7e4542479',7,'purchase'),(167,NULL,NULL,35555.00,'2025-05-21 18:52:35','completed','TRX_e7447245eb8c60ad',7,'topup'),(168,NULL,NULL,50000.00,'2025-06-05 13:15:39','completed','TRX_d409f84ea0dc0a6a',41,'topup'),(169,176,33,8500.00,'2025-06-08 23:47:21','completed','TRX_5b6a57d53cdf1cc7',7,'borrow'),(170,175,31,5555.00,'2025-06-08 23:47:36','completed','TRX_ef1abb97b637c410',7,'purchase'),(171,177,33,5000.00,'2025-06-09 23:14:10','completed','TRX_6dbdd12fdfe0d8d4',28,'borrow'),(172,184,31,5555.00,'2025-06-09 23:42:32','completed','TRX_2eb6f9621a85faef',28,'purchase'),(173,183,33,8900.00,'2025-06-09 23:42:46','completed','TRX_f4446130befb0c5b',28,'purchase'),(174,185,30,700.00,'2025-06-09 23:45:07','completed','TRX_d1856d3c69a1c0af',28,'purchase'),(175,187,18,9000.00,'2025-06-09 23:47:39','completed','TRX_b46b348eb5b2bdf0',28,'purchase'),(176,186,30,700.00,'2025-06-09 23:47:49','completed','TRX_c98fd3b131e0cdcc',28,'purchase'),(177,NULL,NULL,50000.00,'2025-06-10 00:22:42','completed','TRX_284f5c60733eac4b',28,'topup'),(178,188,33,8900.00,'2025-06-10 00:25:53','completed','TRX_7be97dee8f5884cd',28,'purchase'),(179,NULL,NULL,5000.00,'2025-06-10 08:43:21','completed','TRX_d7e85abe9498e2d7',56,'topup'),(180,191,33,5000.00,'2025-06-10 08:47:38','completed','TRX_013d737f9259d079',56,'borrow'),(181,NULL,NULL,12700.00,'2025-06-10 10:35:12','completed','TRX_956b29a6cd8ce680',56,'topup'),(182,NULL,NULL,8200.00,'2025-06-10 10:52:49','completed','TRX_381619d61ec5a8a4',56,'topup'),(183,198,34,12000.00,'2025-06-10 10:53:48','completed','TRX_d86b7bb0edd60aff',56,'purchase'),(184,NULL,NULL,50000.00,'2025-06-11 00:06:32','completed','TRX_7b403a9a128d652d',28,'topup'),(185,214,29,7900.00,'2025-06-11 02:59:11','completed','TRX_c9be9b2daadb376f',28,'purchase'),(186,213,30,700.00,'2025-06-11 02:59:35','completed','TRX_b3e8d0135d11b7d4',28,'purchase'),(187,196,33,8900.00,'2025-06-11 03:03:04','completed','TRX_995927a78fd56901',56,'purchase'),(188,216,29,7900.00,'2025-06-11 13:18:09','completed','TRX_398f441ee4e62c51',5,'purchase'),(189,223,56,5000.00,'2025-06-11 15:50:07','completed','TRX_6d1f8503bf8e7e54',28,'borrow'),(190,224,55,435.00,'2025-06-11 15:50:43','completed','TRX_62bcbfc53d668fe7',28,'purchase'),(191,NULL,NULL,50000.00,'2025-06-11 18:16:37','completed','TRX_30c271e502a2f560',59,'topup'),(192,225,13,16000.00,'2025-06-12 15:18:02','completed','TRX_9e6cad66e3058c44',28,'purchase'),(193,NULL,NULL,50000.00,'2025-06-12 17:03:27','completed','TRX_e1f0a11bf9f53b89',28,'topup'),(194,NULL,NULL,50000.00,'2025-06-12 22:32:10','completed','TRX_d144cc3b69ccd3d7',28,'topup');
/*!40000 ALTER TABLE `payments` ENABLE KEYS */;
UNLOCK TABLES;

--
-- Table structure for table `settings`
--

DROP TABLE IF EXISTS `settings`;
/*!40101 SET @saved_cs_client     = @@character_set_client */;
/*!50503 SET character_set_client = utf8mb4 */;
CREATE TABLE `settings` (
  `id` int NOT NULL AUTO_INCREMENT,
  `name` varchar(50) NOT NULL,
  `value` decimal(10,2) NOT NULL,
  PRIMARY KEY (`id`),
  UNIQUE KEY `name` (`name`)
) ENGINE=InnoDB AUTO_INCREMENT=4 DEFAULT CHARSET=utf8mb4 COLLATE=utf8mb4_0900_ai_ci;
/*!40101 SET character_set_client = @saved_cs_client */;

--
-- Dumping data for table `settings`
--

LOCK TABLES `settings` WRITE;
/*!40000 ALTER TABLE `settings` DISABLE KEYS */;
INSERT INTO `settings` VALUES (1,'purchase_price',50000.00),(2,'rental_price',5000.00),(3,'late_fee',1000.00);
/*!40000 ALTER TABLE `settings` ENABLE KEYS */;
UNLOCK TABLES;

--
-- Table structure for table `slider_images`
--

DROP TABLE IF EXISTS `slider_images`;
/*!40101 SET @saved_cs_client     = @@character_set_client */;
/*!50503 SET character_set_client = utf8mb4 */;
CREATE TABLE `slider_images` (
  `id` int NOT NULL AUTO_INCREMENT,
  `image_path` varchar(255) NOT NULL,
  `is_active` tinyint(1) DEFAULT '1',
  `created_at` timestamp NULL DEFAULT CURRENT_TIMESTAMP,
  `caption` varchar(50) NOT NULL,
  PRIMARY KEY (`id`)
) ENGINE=InnoDB AUTO_INCREMENT=26 DEFAULT CHARSET=utf8mb4 COLLATE=utf8mb4_0900_ai_ci;
/*!40101 SET character_set_client = @saved_cs_client */;

--
-- Dumping data for table `slider_images`
--

LOCK TABLES `slider_images` WRITE;
/*!40000 ALTER TABLE `slider_images` DISABLE KEYS */;
INSERT INTO `slider_images` VALUES (23,'assets/slides/6846dfda76d22_WhatsAppImage2024-01-22at9.51.36PM1.jpeg',1,'2025-06-09 13:21:30',''),(24,'assets/slides/6846dfe044768_WhatsAppImage2024-01-22at9.51.35PM1.jpeg',1,'2025-06-09 13:21:36','');
/*!40000 ALTER TABLE `slider_images` ENABLE KEYS */;
UNLOCK TABLES;

--
-- Table structure for table `user_categories`
--

DROP TABLE IF EXISTS `user_categories`;
/*!40101 SET @saved_cs_client     = @@character_set_client */;
/*!50503 SET character_set_client = utf8mb4 */;
CREATE TABLE `user_categories` (
  `user_id` int NOT NULL,
  `category_id` int NOT NULL,
  PRIMARY KEY (`user_id`,`category_id`),
  KEY `category_id` (`category_id`),
  CONSTRAINT `user_categories_ibfk_1` FOREIGN KEY (`user_id`) REFERENCES `users` (`id`),
  CONSTRAINT `user_categories_ibfk_2` FOREIGN KEY (`category_id`) REFERENCES `categories` (`category_id`)
) ENGINE=InnoDB DEFAULT CHARSET=utf8mb4 COLLATE=utf8mb4_0900_ai_ci;
/*!40101 SET character_set_client = @saved_cs_client */;

--
-- Dumping data for table `user_categories`
--

LOCK TABLES `user_categories` WRITE;
/*!40000 ALTER TABLE `user_categories` DISABLE KEYS */;
INSERT INTO `user_categories` VALUES (7,1),(28,1),(7,2),(56,2),(56,3),(7,4),(28,4),(7,5),(58,20),(59,21);
/*!40000 ALTER TABLE `user_categories` ENABLE KEYS */;
UNLOCK TABLES;

--
-- Table structure for table `users`
--

DROP TABLE IF EXISTS `users`;
/*!40101 SET @saved_cs_client     = @@character_set_client */;
/*!50503 SET character_set_client = utf8mb4 */;
CREATE TABLE `users` (
  `id` int NOT NULL AUTO_INCREMENT,
  `name` varchar(100) NOT NULL,
  `email` varchar(100) NOT NULL,
  `password` varchar(100) NOT NULL,
  `user_type` enum('admin','user','') CHARACTER SET utf8mb4 COLLATE utf8mb4_0900_ai_ci NOT NULL DEFAULT 'user',
  `created_at` timestamp NOT NULL DEFAULT CURRENT_TIMESTAMP,
  `status` tinyint NOT NULL DEFAULT '1',
  `is_deleted` tinyint(1) NOT NULL DEFAULT '0',
  `deleted_at` timestamp NULL DEFAULT NULL,
  `last_activity` timestamp NULL DEFAULT CURRENT_TIMESTAMP ON UPDATE CURRENT_TIMESTAMP,
  `password_reset_token` varchar(100) DEFAULT NULL,
  `password_reset_expires` datetime DEFAULT NULL,
  `remember_token` varchar(255) DEFAULT NULL,
  PRIMARY KEY (`id`)
) ENGINE=InnoDB AUTO_INCREMENT=60 DEFAULT CHARSET=utf8mb4 COLLATE=utf8mb4_0900_ai_ci;
/*!40101 SET character_set_client = @saved_cs_client */;

--
-- Dumping data for table `users`
--

LOCK TABLES `users` WRITE;
/*!40000 ALTER TABLE `users` DISABLE KEYS */;
INSERT INTO `users` VALUES (5,'admin','admin@gmail.com','$2y$10$sX7ETpVV4sueRCwqHz3PGeCOra/hmJWR9xtrwPyq0JfWI4KjM38XK','admin','2025-04-03 10:34:26',1,0,NULL,'2025-06-12 22:53:25',NULL,NULL,'ec34ca4278783e5cc363b563b770c29a4bde8b0b9229258646f57b688183c10430a0bb6a124037b9253d6210d51289509b1b53ca248e608079bd8d689f9b59c6'),(7,'roaa','eng.r.khaddour@gmail.com','$2y$10$7Cr.f/WyXbHciVq4eLb1eex21CM71OxQsMYBrpbJvOk9LY4lG.ktu','admin','2025-04-04 01:46:10',1,0,NULL,'2025-06-10 20:31:12',NULL,NULL,NULL),(10,'majed','majed@gmail.com','$2y$10$dOeE.hlEGjASxghMVEempeEMytAX/nuSB0HS2muo79JS3V6cDLdwe','user','2025-04-14 21:19:43',1,0,NULL,'2025-06-08 21:34:59',NULL,NULL,'1049d618e76f393a3714da784680c1435b87cc5bedbe3d71f7d8d8154edc9e74c70d89ac2462c35a2c19319e64e11f48af11994c82ca8cf9c147b4be8d86d8bb'),(11,'raed','read@gmail.com','$2y$10$6PaI4b..oTu7V3suFI4wIO7Qr3mYXHbUvuPyzBvFveVDZezV51AS.','user','2025-04-14 21:20:03',1,0,NULL,'2025-05-31 21:24:22',NULL,NULL,NULL),(12,'rabi','rabi@gmail.com','$2y$10$usbbm2H65PZFj2lSQvVU5OywTSMgB/mEZu2vsLcM6PpgF1pv2JN9K','user','2025-04-16 21:55:24',1,0,NULL,'2025-05-31 21:24:22',NULL,NULL,'3afeb724b34cd9cfaf6f8de4c9a49179b19009674496de39e5314ac0e49aaa2b2087cd60d3d40cdb897039ad7a614c46dc6b2cc0b275edc3ca8496b1ff0754d8'),(16,'tala','tala@gmail.com','$2y$10$ziHidi2POXFi/qXPLB7GXOE7rxMFvZXo3D4FM0YwoL9mAfAtUNche','user','2025-04-19 07:04:21',1,0,NULL,'2025-05-31 21:24:22',NULL,NULL,NULL),(17,'sami','sami@com','$2y$10$2/qW9.ABiB90h81Gx1SNfeGgx5988DqJWIGHe3n67calIlnsU8kOa','user','2025-04-19 07:14:29',1,0,NULL,'2025-05-31 21:24:22',NULL,NULL,'deeee8bdfd3a7b6c2051b39fe5b46573ff64654594906fea27bde2ad2e0b82e6cd95f9a10222ddc6bbf05243c0b20488bc1c87d36ff5adcfaa1ca237cc1cfb8b'),(23,'momo','m@m','$2y$10$1NUyCj2.ZvdxnDBqj6X2LuUQ8EbJUsLo1HlPJWsDlbOA3ypwSGFme','user','2025-04-21 14:31:51',1,0,NULL,'2025-05-31 21:24:22',NULL,NULL,NULL),(24,'jamal','jamal@a','$2y$10$J/kX3a/dZ6UT.wKlQvZPL.MipHutO.9CZReZQOcuMGnsGt3lObTJG','user','2025-04-22 05:55:59',1,0,NULL,'2025-05-31 21:24:22',NULL,NULL,NULL),(25,'mary','mary@g','$2y$10$HiDyM1wUpki6Os4M/ym/TejAl3Q4dszhRNaJcUF2G6GPK2Xw1HeE2','user','2025-04-24 17:56:51',1,0,NULL,'2025-05-31 21:24:22',NULL,NULL,NULL),(27,'ww','aa@qaw','$2y$10$S/NJvNEv7f5kMKOwGkgBC.NhA9Xz2jEBHi.zfvOme84D18c7J9h62','user','2025-04-28 08:38:05',1,0,NULL,'2025-05-31 21:24:22',NULL,NULL,NULL),(28,'malek','malek@g.c','$2y$10$pNMAJnssVPl/TZQzzkxpWe2Fh.PZcjvgVnQVohk1NaNR7EWcRXQ7K','user','2025-04-29 07:23:30',1,0,NULL,'2025-06-12 21:35:32','864213c6bc4d3b56f0f3f3a44aa0165a29070f83f59865ae5db48f6b88db9ca038692f049f2cadc4cb8410560165112e0b8a','2025-06-13 01:35:32',NULL),(29,'kamaal','a@a','$2y$10$UgS1gOMHRoOOlZKO4XmzJOMSvYvc6cttWVHPoGG7ueaeIZUNdS6EW','user','2025-05-03 07:38:11',1,0,NULL,'2025-05-31 21:24:22',NULL,NULL,NULL),(30,'roro','ro@a','$2y$10$3Wdn0w4gDxv4oM.Ew2rZuOHtP8spUE/afPlbQmPMQNzob7eC07.AK','user','2025-05-03 07:52:27',1,0,NULL,'2025-05-31 21:24:22',NULL,NULL,NULL),(31,'شهد','as@as','$2y$10$SmSKt8So8Uv25vpZRv5Zp.jpZb0F2.dPYagfqVWXTRRWpLRAQDFCa','user','2025-05-03 07:55:54',0,0,NULL,'2025-06-08 21:38:30',NULL,NULL,NULL),(32,'تالا','as@aaa','$2y$10$SCO9Jmxf7Pd/p0.FfSPFW.vAJZG1a.m4mnjUPKXG6ohpY7uA0s392','user','2025-05-03 07:58:52',1,0,NULL,'2025-05-31 21:24:22',NULL,NULL,'c2af65a83d291cc71bc3378b87a5772685550fc2ad0611e0e1516dde14a0e6dadc7e041c3d5287c81126e0b69a12952b494688eef16b8499578fef9462fa60b9'),(33,'مايا','a@qq','$2y$10$CI0GZHI/HWBr5CBEyGJfau5X6pXN391kTGrrzsJcQVzKye4KBITmW','user','2025-05-03 09:08:24',1,0,NULL,'2025-05-31 21:24:22',NULL,NULL,NULL),(35,'batt','as@sa','$2y$10$Vxj/7T2yNcjqPXhB1YBWHOR4NRPuUXxgIOdFYVKRBKSQmYt9Q7b9W','user','2025-05-15 10:40:05',1,0,NULL,'2025-05-31 21:24:22',NULL,NULL,NULL),(41,'mimi','mimi@gmail.com','$2y$10$VU3fIbF9iutIM5B8S5oAH.GvSNZ0VEbWkXasKCW2ES0EGLAXKvc.6','user','2025-06-05 06:31:27',0,0,NULL,'2025-06-08 21:55:40',NULL,NULL,NULL),(54,'talia','talia@g.c','$2y$10$4fdqWgIe7hc8G4IZxIi.8O0suihEhUivZ29UjE8PkQg7yRcJ5zL86','user','2025-06-07 16:27:29',1,0,NULL,'2025-06-07 16:27:29',NULL,NULL,NULL),(56,'test','test@test.com','$2y$10$OvV1313hdBTiyWEkKiE2ievgIFa0nxwupOoaaySZZT5VsgB9VZRxe','user','2025-06-10 05:40:41',1,0,NULL,'2025-06-11 12:38:27',NULL,NULL,NULL),(58,'qq','qq@qq.qq','$2y$10$MOsUVUNuTyGtpQY2FYlAR.VBngrc0scAWYOHF9jL9JLMKtpiKzFpW','user','2025-06-11 00:54:49',0,1,'2025-06-11 01:48:53','2025-06-11 01:48:53',NULL,NULL,NULL),(59,'rbab','rbab@g.c','$2y$10$8ROpk/D1rPogfSJmTIt9yOU6H9yOWGAaUGmHjVnWj3aHKGzPLtbMy','user','2025-06-11 15:14:49',1,0,NULL,'2025-06-11 15:16:37',NULL,NULL,NULL);
/*!40000 ALTER TABLE `users` ENABLE KEYS */;
UNLOCK TABLES;

--
-- Table structure for table `users_groups`
--

DROP TABLE IF EXISTS `users_groups`;
/*!40101 SET @saved_cs_client     = @@character_set_client */;
/*!50503 SET character_set_client = utf8mb4 */;
CREATE TABLE `users_groups` (
  `group_id` int NOT NULL AUTO_INCREMENT,
  `group_name` varchar(255) NOT NULL,
  `owner_id` int NOT NULL,
  `created_at` datetime DEFAULT CURRENT_TIMESTAMP,
  `unique_code` varchar(50) NOT NULL,
  PRIMARY KEY (`group_id`),
  UNIQUE KEY `unique_code` (`unique_code`),
  KEY `owner_id` (`owner_id`),
  CONSTRAINT `users_groups_ibfk_1` FOREIGN KEY (`owner_id`) REFERENCES `users` (`id`)
) ENGINE=InnoDB AUTO_INCREMENT=28 DEFAULT CHARSET=utf8mb4 COLLATE=utf8mb4_0900_ai_ci;
/*!40101 SET character_set_client = @saved_cs_client */;

--
-- Dumping data for table `users_groups`
--

LOCK TABLES `users_groups` WRITE;
/*!40000 ALTER TABLE `users_groups` DISABLE KEYS */;
INSERT INTO `users_groups` VALUES (6,'الرياضيات',7,'2025-04-15 17:13:30','f7d2452689360d79273a6b419a732648'),(7,'التراث',7,'2025-04-15 17:13:38','a2394d9250cda1cd98d1f4c87c72004d'),(9,'البرمجة كائنية التوجه',7,'2025-04-15 19:36:54','6502732ca91c54d1b8e34e369013ef63'),(13,'قراءة',7,'2025-04-15 20:02:50','eab98b009e25320df79c258825ae9dc0'),(14,'رياضة',7,'2025-04-15 20:12:20','63907dd26ef1c8c15b9c9efdf4914fe4'),(15,'تاريخ',7,'2025-04-15 20:28:53','8bff0f2f901ee7b313bbd5c45de84797'),(16,'علوم',5,'2025-04-15 20:30:56','35d52268096bb47595fce19fdcf21c0c'),(17,'تحكم ألي',7,'2025-04-16 12:04:06','90f8dce6da5ed308ef4084389ff28ca3'),(18,'هاري بوتر',7,'2025-04-17 15:34:42','ef957324a5db3088964aff3a3371df1d'),(22,'اسلاميات',24,'2025-04-27 22:36:01','bf3f2443c74f2842ec2264183de7606e'),(26,'test',24,'2025-05-17 21:13:10','1c0a2859cdfc762caee42a4cecf611d5'),(27,'tesssss',41,'2025-06-05 14:56:56','5ae67b9bce7ec7931611d267424b3594');
/*!40000 ALTER TABLE `users_groups` ENABLE KEYS */;
UNLOCK TABLES;

--
-- Table structure for table `wallets`
--

DROP TABLE IF EXISTS `wallets`;
/*!40101 SET @saved_cs_client     = @@character_set_client */;
/*!50503 SET character_set_client = utf8mb4 */;
CREATE TABLE `wallets` (
  `id` int NOT NULL AUTO_INCREMENT,
  `user_id` int NOT NULL,
  `balance` decimal(10,2) NOT NULL DEFAULT '0.00',
  `created_at` timestamp NULL DEFAULT CURRENT_TIMESTAMP,
  `updated_at` timestamp NULL DEFAULT CURRENT_TIMESTAMP ON UPDATE CURRENT_TIMESTAMP,
  PRIMARY KEY (`id`),
  UNIQUE KEY `user_id` (`user_id`),
  CONSTRAINT `wallets_ibfk_1` FOREIGN KEY (`user_id`) REFERENCES `users` (`id`)
) ENGINE=InnoDB AUTO_INCREMENT=168 DEFAULT CHARSET=utf8mb4 COLLATE=utf8mb4_0900_ai_ci;
/*!40101 SET character_set_client = @saved_cs_client */;

--
-- Dumping data for table `wallets`
--

LOCK TABLES `wallets` WRITE;
/*!40000 ALTER TABLE `wallets` DISABLE KEYS */;
INSERT INTO `wallets` VALUES (11,7,31500.00,'2025-04-17 20:10:58','2025-06-08 20:47:36'),(12,12,40000.00,'2025-04-17 20:15:12','2025-05-31 21:24:22'),(13,10,20000.00,'2025-04-17 22:17:38','2025-05-31 21:24:22'),(16,17,19000.00,'2025-04-19 07:16:26','2025-05-31 21:24:22'),(18,16,20000.00,'2025-04-19 13:41:48','2025-05-31 21:24:22'),(19,11,20000.00,'2025-04-19 13:54:39','2025-05-31 21:24:22'),(32,5,736170.00,'2025-04-20 07:53:57','2025-06-12 12:18:02'),(33,23,20000.00,'2025-04-21 15:01:05','2025-05-31 21:24:22'),(35,24,18000.00,'2025-04-22 06:01:57','2025-05-31 21:24:22'),(60,27,25000.00,'2025-04-28 08:49:54','2025-05-31 21:24:22'),(69,28,175740.00,'2025-04-29 07:26:21','2025-06-12 19:32:10'),(103,31,0.00,'2025-05-03 09:28:43','2025-05-31 21:24:22'),(130,35,0.00,'2025-05-15 10:44:59','2025-05-31 21:24:22'),(140,41,50000.00,'2025-06-05 10:15:39','2025-06-05 10:15:39'),(152,56,0.00,'2025-06-10 05:43:21','2025-06-11 00:03:04'),(164,59,50000.00,'2025-06-11 15:16:37','2025-06-11 15:16:37');
/*!40000 ALTER TABLE `wallets` ENABLE KEYS */;
UNLOCK TABLES;
/*!40103 SET TIME_ZONE=@OLD_TIME_ZONE */;

/*!40101 SET SQL_MODE=@OLD_SQL_MODE */;
/*!40014 SET FOREIGN_KEY_CHECKS=@OLD_FOREIGN_KEY_CHECKS */;
/*!40014 SET UNIQUE_CHECKS=@OLD_UNIQUE_CHECKS */;
/*!40101 SET CHARACTER_SET_CLIENT=@OLD_CHARACTER_SET_CLIENT */;
/*!40101 SET CHARACTER_SET_RESULTS=@OLD_CHARACTER_SET_RESULTS */;
/*!40101 SET COLLATION_CONNECTION=@OLD_COLLATION_CONNECTION */;
/*!40111 SET SQL_NOTES=@OLD_SQL_NOTES */;

-- Dump completed on 2025-06-13  2:11:40
